user_genome	classification	closest_genome_reference	closest_genome_reference_radius	closest_genome_taxonomy	closest_genome_ani	closest_genome_af	closest_placement_reference	closest_placement_radius	closest_placement_taxonomy	closest_placement_ani	closest_placement_af	pplacer_taxonomy	classification_method	note	other_related_references(genome_id,species_name,radius,ANI,AF)	msa_percent	translation_table	red_value	warnings
Brown_AA.bin.1	d__Bacteria;p__Bacteroidota;c__Bacteroidia;o__Chitinophagales;f__Chitinophagaceae;g__Parafilimonas;s__	N/A	N/A	N/A	N/A	N/A	GCA_903642275.1	95.0	d__Bacteria;p__Bacteroidota;c__Bacteroidia;o__Chitinophagales;f__Chitinophagaceae;g__Parafilimonas;s__Parafilimonas sp903642275	83.16	0.248	d__Bacteria;p__Bacteroidota;c__Bacteroidia;o__Chitinophagales;f__Chitinophagaceae;g__Parafilimonas;s__	taxonomic classification defined by topology and ANI	classification based on placement in class-level tree	N/A	62.26	11	0.9841	N/A
Brown_AA.bin.2	d__Bacteria;p__Eremiobacterota;c__Eremiobacteria;o__Baltobacterales;f__Baltobacteraceae;g__Palsa-1515;s__Palsa-1515 sp903970385	GCA_903970385.1	95.0	d__Bacteria;p__Eremiobacterota;c__Eremiobacteria;o__Baltobacterales;f__Baltobacteraceae;g__Palsa-1515;s__Palsa-1515 sp903970385	98.35	0.821	N/A	N/A	N/A	N/A	N/A	N/A	ani_screen	classification based on ANI only	N/A	N/A	N/A	N/A	N/A
Brown_AA.bin.3	d__Bacteria;p__Cyanobacteriota;c__Cyanobacteriia;o__Cyanobacteriales;f__Nostocaceae;g__Stigonema;s__	N/A	N/A	N/A	N/A	N/A	GCA_016903675.1	95.0	d__Bacteria;p__Cyanobacteriota;c__Cyanobacteriia;o__Cyanobacteriales;f__Nostocaceae;g__Stigonema;s__Stigonema ocellatum	85.5	0.228	d__Bacteria;p__Cyanobacteriota;c__Cyanobacteriia;o__Cyanobacteriales;f__Nostocaceae;g__Stigonema;s__	taxonomic classification defined by topology and ANI	classification based on placement in class-level tree	N/A	84.49	11	0.965	N/A
Brown_AA.bin.4	d__Bacteria;p__Acidobacteriota;c__Terriglobia;o__Bryobacterales;f__Bryobacteraceae;g__Bog-105;s__	N/A	N/A	N/A	N/A	N/A	N/A	N/A	N/A	N/A	N/A	d__Bacteria;p__Acidobacteriota;c__Terriglobia;o__Bryobacterales;f__Bryobacteraceae;g__Bog-105;s__	taxonomic classification fully defined by topology	classification based on placement in class-level tree	N/A	64.65	11	0.96094	N/A
Brown_AA.bin.5	d__Bacteria;p__Pseudomonadota;c__Alphaproteobacteria;o__Acetobacterales;f__Acetobacteraceae;g__CAJCIS01;s__	N/A	N/A	N/A	N/A	N/A	N/A	N/A	N/A	N/A	N/A	d__Bacteria;p__Pseudomonadota;c__Alphaproteobacteria;o__Acetobacterales;f__Acetobacteraceae;g__CAJCIS01;s__	taxonomic classification fully defined by topology	classification based on placement in class-level tree	N/A	44.89	11	0.94223	N/A
Brown_AA.bin.6	d__Bacteria;p__Eremiobacterota;c__Eremiobacteria;o__Baltobacterales;f__Baltobacteraceae;g__Tumulicola;s__	N/A	N/A	N/A	N/A	N/A	N/A	N/A	N/A	N/A	N/A	d__Bacteria;p__Eremiobacterota;c__Eremiobacteria;o__Baltobacterales;f__Baltobacteraceae;g__Tumulicola;s__	taxonomic novelty determined using RED	classification based on placement in class-level tree	N/A	65.46	11	0.94216	N/A
Brown_AB.bin.1	d__Bacteria;p__Acidobacteriota;c__Terriglobia;o__Terriglobales;f__Acidobacteriaceae;g__Granulicella;s__	N/A	N/A	N/A	N/A	N/A	N/A	N/A	N/A	N/A	N/A	d__Bacteria;p__Acidobacteriota;c__Terriglobia;o__Terriglobales;f__Acidobacteriaceae;g__Granulicella;s__	taxonomic classification fully defined by topology	classification based on placement in class-level tree	N/A	61.79	11	0.95835	N/A
Brown_AC.bin.1	d__Bacteria;p__Acidobacteriota;c__Terriglobia;o__Terriglobales;f__Acidobacteriaceae;g__Edaphobacter;s__	N/A	N/A	N/A	N/A	N/A	GCF_014201335.1	95.0	d__Bacteria;p__Acidobacteriota;c__Terriglobia;o__Terriglobales;f__Acidobacteriaceae;g__Edaphobacter;s__Edaphobacter lichenicola_E	89.94	0.708	d__Bacteria;p__Acidobacteriota;c__Terriglobia;o__Terriglobales;f__Acidobacteriaceae;g__Edaphobacter;s__	taxonomic classification defined by topology and ANI	classification based on placement in class-level tree	GCF_013410115.1, s__Edaphobacter lichenicola_A, 95.0, 83.39, 0.273; GCF_014201315.1, s__Edaphobacter lichenicola_B, 95.0, 83.29, 0.262; GCF_014201375.1, s__Edaphobacter lichenicola_D, 95.0, 82.87, 0.242; GCF_013410875.1, s__Edaphobacter lichenicola_C, 95.0, 82.54, 0.24	60.46	11	0.99328	Genome not assigned to closest species as it falls outside its pre-defined ANI radius
Brown_AC.bin.3	d__Bacteria;p__Acidobacteriota;c__Terriglobia;o__Terriglobales;f__Acidobacteriaceae;g__Silvibacterium;s__	N/A	N/A	N/A	N/A	N/A	N/A	N/A	N/A	N/A	N/A	d__Bacteria;p__Acidobacteriota;c__Terriglobia;o__Terriglobales;f__Acidobacteriaceae;g__Silvibacterium;s__	taxonomic classification fully defined by topology	classification based on placement in class-level tree	N/A	60.46	11	0.93995	N/A
Brown_AD.bin.1	d__Bacteria;p__Bacteroidota;c__Bacteroidia;o__Chitinophagales;f__Chitinophagaceae;g__Flavisolibacter;s__	N/A	N/A	N/A	N/A	N/A	N/A	N/A	N/A	N/A	N/A	d__Bacteria;p__Bacteroidota;c__Bacteroidia;o__Chitinophagales;f__Chitinophagaceae;g__Flavisolibacter;s__	taxonomic classification fully defined by topology	classification based on placement in class-level tree	N/A	40.1	11	0.95872	N/A
Brown_AD.bin.3	d__Bacteria;p__Bacteroidota;c__Bacteroidia;o__Chitinophagales;f__Chitinophagaceae;g__Ilyomonas;s__	N/A	N/A	N/A	N/A	N/A	N/A	N/A	N/A	N/A	N/A	d__Bacteria;p__Bacteroidota;c__Bacteroidia;o__Chitinophagales;f__Chitinophagaceae;g__Ilyomonas;s__	taxonomic classification fully defined by topology	classification based on placement in class-level tree	N/A	90.88	11	0.94944	N/A
Brown_AD.bin.5	d__Bacteria;p__Actinomycetota;c__Actinomycetes;o__Mycobacteriales;f__Jatrophihabitantaceae;g__Jatrophihabitans;s__	N/A	N/A	N/A	N/A	N/A	N/A	N/A	N/A	N/A	N/A	d__Bacteria;p__Actinomycetota;c__Actinomycetes;o__Mycobacteriales;f__Jatrophihabitantaceae;g__Jatrophihabitans;s__	taxonomic classification fully defined by topology	classification based on placement in class-level tree	N/A	52.41	11	0.95532	N/A
Brown_AD.bin.6	d__Bacteria;p__Pseudomonadota;c__Gammaproteobacteria;o__Steroidobacterales;f__Steroidobacteraceae;g__Bog-1198;s__	N/A	N/A	N/A	N/A	N/A	N/A	N/A	N/A	N/A	N/A	d__Bacteria;p__Pseudomonadota;c__Gammaproteobacteria;o__Steroidobacterales;f__Steroidobacteraceae;g__Bog-1198;s__	taxonomic classification fully defined by topology	classification based on placement in class-level tree	N/A	95.05	11	0.94902	N/A
Brown_AD.bin.9	d__Bacteria;p__Actinomycetota;c__Thermoleophilia;o__Solirubrobacterales;f__70-9;g__VAYN01;s__	N/A	N/A	N/A	N/A	N/A	N/A	N/A	N/A	N/A	N/A	d__Bacteria;p__Actinomycetota;c__Thermoleophilia;o__Solirubrobacterales;f__70-9;g__VAYN01;s__	taxonomic classification defined by topology and ANI	classification based on placement in class-level tree	GCA_937908015.1, s__VAYN01 sp001898095, 95.0, 87.17, 0.171; GCA_018268675.1, s__VAYN01 sp018268675, 95.0, 87.01, 0.183; GCA_937907435.1, s__VAYN01 sp937907435, 95.0, 86.87, 0.206; GCA_025964255.1, s__VAYN01 sp025964255, 95.0, 86.68, 0.178; GCA_018268575.1, s__VAYN01 sp018268575, 95.0, 86.61, 0.17; GCA_013821475.1, s__VAYN01 sp013821475, 95.0, 86.54, 0.152; GCA_018268415.1, s__VAYN01 sp018268415, 95.0, 86.02, 0.151	39.19	11	0.92841	N/A
Brown_AE.bin.1	d__Bacteria;p__Cyanobacteriota;c__Cyanobacteriia;o__Cyanobacteriales;f__FACHB-T130;g__FACHB-831;s__	N/A	N/A	N/A	N/A	N/A	N/A	N/A	N/A	N/A	N/A	d__Bacteria;p__Cyanobacteriota;c__Cyanobacteriia;o__Cyanobacteriales;f__FACHB-T130;g__FACHB-831;s__	taxonomic novelty determined using RED	classification based on placement in class-level tree	N/A	81.49	11	0.86515	N/A
Brown_AE.bin.11	d__Bacteria;p__Chloroflexota;c__Ktedonobacteria;o__Ktedonobacterales;f__Ktedonobacteraceae;g__Dictyobacter;s__	N/A	N/A	N/A	N/A	N/A	N/A	N/A	N/A	N/A	N/A	d__Bacteria;p__Chloroflexota;c__Ktedonobacteria;o__Ktedonobacterales;f__Ktedonobacteraceae;g__Dictyobacter;s__	taxonomic novelty determined using RED	classification based on placement in class-level tree	N/A	88.46	11	0.92629	N/A
Brown_AE.bin.2	d__Bacteria;p__Acidobacteriota;c__Terriglobia;o__Terriglobales;f__Acidobacteriaceae;g__;s__	N/A	N/A	N/A	N/A	N/A	N/A	N/A	N/A	N/A	N/A	d__Bacteria;p__Acidobacteriota;c__Terriglobia;o__Terriglobales;f__Acidobacteriaceae;g__;s__	taxonomic novelty determined using RED	classification based on placement in class-level tree	N/A	90.92	11	0.88023	N/A
Brown_AE.bin.3	d__Bacteria;p__Eremiobacterota;c__Eremiobacteria;o__Baltobacterales;f__Baltobacteraceae;g__;s__	N/A	N/A	N/A	N/A	N/A	N/A	N/A	N/A	N/A	N/A	d__Bacteria;p__Eremiobacterota;c__Eremiobacteria;o__Baltobacterales;f__Baltobacteraceae;g__;s__	taxonomic novelty determined using RED	classification based on placement in class-level tree	N/A	55.01	11	0.89794	N/A
Brown_AE.bin.4	d__Bacteria;p__Verrucomicrobiota;c__Verrucomicrobiae;o__Chthoniobacterales;f__SZAS-18;g__CAHJWO01;s__	N/A	N/A	N/A	N/A	N/A	N/A	N/A	N/A	N/A	N/A	d__Bacteria;p__Verrucomicrobiota;c__Verrucomicrobiae;o__Chthoniobacterales;f__SZAS-18;g__CAHJWO01;s__	taxonomic classification fully defined by topology	classification based on placement in class-level tree	N/A	45.14	11	0.94482	N/A
Brown_AE.bin.5	d__Bacteria;p__Acidobacteriota;c__Terriglobia;o__Terriglobales;f__Acidobacteriaceae;g__Granulicella_D;s__	N/A	N/A	N/A	N/A	N/A	N/A	N/A	N/A	N/A	N/A	d__Bacteria;p__Acidobacteriota;c__Terriglobia;o__Terriglobales;f__Acidobacteriaceae;g__Granulicella_D;s__	taxonomic novelty determined using RED	classification based on placement in class-level tree	N/A	87.27	11	0.94513	N/A
Brown_AE.bin.6	d__Bacteria;p__Eremiobacterota;c__Eremiobacteria;o__Baltobacterales;f__Baltobacteraceae;g__JANYGA01;s__	N/A	N/A	N/A	N/A	N/A	N/A	N/A	N/A	N/A	N/A	d__Bacteria;p__Eremiobacterota;c__Eremiobacteria;o__Baltobacterales;f__Baltobacteraceae;g__JANYGA01;s__	taxonomic novelty determined using RED	classification based on placement in class-level tree	N/A	82.34	11	0.93635	N/A
Brown_AE.bin.7	d__Bacteria;p__Armatimonadota;c__Armatimonadia;o__Armatimonadales;f__Capsulimonadaceae;g__;s__	N/A	N/A	N/A	N/A	N/A	N/A	N/A	N/A	N/A	N/A	d__Bacteria;p__Armatimonadota;c__Armatimonadia;o__Armatimonadales;f__Capsulimonadaceae;g__;s__	taxonomic classification fully defined by topology	classification based on placement in class-level tree	N/A	60.56	11	0.83333	N/A
Brown_AE.bin.8	d__Bacteria;p__Pseudomonadota;c__Gammaproteobacteria;o__Enterobacterales;f__Enterobacteriaceae;g__Rouxiella;s__	N/A	N/A	N/A	N/A	N/A	N/A	N/A	N/A	N/A	N/A	d__Bacteria;p__Pseudomonadota;c__Gammaproteobacteria;o__Enterobacterales;f__Enterobacteriaceae;g__Rouxiella;s__	taxonomic novelty determined using RED	classification based on placement in class-level tree	N/A	81.19	11	0.96192	N/A
Brown_AF.bin.2	d__Bacteria;p__Actinomycetota;c__Actinomycetes;o__Mycobacteriales;f__Micromonosporaceae;g__;s__	N/A	N/A	N/A	N/A	N/A	N/A	N/A	N/A	N/A	N/A	d__Bacteria;p__Actinomycetota;c__Actinomycetes;o__Mycobacteriales;f__Micromonosporaceae;g__;s__	taxonomic classification fully defined by topology	classification based on placement in class-level tree	N/A	50.23	11	0.86479	N/A
Brown_AF.bin.4	d__Bacteria;p__Acidobacteriota;c__Terriglobia;o__Terriglobales;f__Acidobacteriaceae;g__Terriglobus;s__	N/A	N/A	N/A	N/A	N/A	N/A	N/A	N/A	N/A	N/A	d__Bacteria;p__Acidobacteriota;c__Terriglobia;o__Terriglobales;f__Acidobacteriaceae;g__Terriglobus;s__	taxonomic classification fully defined by topology	classification based on placement in class-level tree	N/A	42.76	11	0.92036	N/A
Brown_AF.bin.5	d__Bacteria;p__Pseudomonadota;c__Alphaproteobacteria;o__Acetobacterales;f__Acetobacteraceae;g__CAJCIS01;s__	N/A	N/A	N/A	N/A	N/A	N/A	N/A	N/A	N/A	N/A	d__Bacteria;p__Pseudomonadota;c__Alphaproteobacteria;o__Acetobacterales;f__Acetobacteraceae;g__CAJCIS01;s__	taxonomic novelty determined using RED	classification based on placement in class-level tree	N/A	36.78	11	0.92212	N/A
Brown_J.bin.1	d__Bacteria;p__Acidobacteriota;c__Terriglobia;o__Terriglobales;f__Acidobacteriaceae;g__Granulicella;s__	N/A	N/A	N/A	N/A	N/A	N/A	N/A	N/A	N/A	N/A	d__Bacteria;p__Acidobacteriota;c__Terriglobia;o__Terriglobales;f__Acidobacteriaceae;g__Granulicella;s__	taxonomic classification fully defined by topology	classification based on placement in class-level tree	N/A	75.23	11	0.94383	N/A
Brown_J.bin.2	d__Bacteria;p__Chloroflexota;c__Ktedonobacteria;o__Ktedonobacterales;f__Ktedonobacteraceae;g__;s__	N/A	N/A	N/A	N/A	N/A	N/A	N/A	N/A	N/A	N/A	d__Bacteria;p__Chloroflexota;c__Ktedonobacteria;o__Ktedonobacterales;f__Ktedonobacteraceae;g__;s__	taxonomic classification fully defined by topology	classification based on placement in class-level tree	N/A	88.26	11	0.8641	N/A
Brown_J.bin.3	d__Bacteria;p__Acidobacteriota;c__Terriglobia;o__Terriglobales;f__Acidobacteriaceae;g__PALSA-350;s__	N/A	N/A	N/A	N/A	N/A	N/A	N/A	N/A	N/A	N/A	d__Bacteria;p__Acidobacteriota;c__Terriglobia;o__Terriglobales;f__Acidobacteriaceae;g__PALSA-350;s__	taxonomic classification fully defined by topology	classification based on placement in class-level tree	N/A	88.8	11	0.9397	N/A
Brown_J.bin.4	d__Bacteria;p__Pseudomonadota;c__Alphaproteobacteria;o__Acetobacterales;f__Acetobacteraceae;g__CAHJXG01;s__	N/A	N/A	N/A	N/A	N/A	N/A	N/A	N/A	N/A	N/A	d__Bacteria;p__Pseudomonadota;c__Alphaproteobacteria;o__Acetobacterales;f__Acetobacteraceae;g__CAHJXG01;s__	taxonomic novelty determined using RED	classification based on placement in class-level tree	N/A	56.58	11	0.95097	N/A
Brown_J.bin.5	d__Bacteria;p__Bacteroidota;c__Bacteroidia;o__Sphingobacteriales;f__Sphingobacteriaceae;g__Mucilaginibacter;s__	N/A	N/A	N/A	N/A	N/A	N/A	N/A	N/A	N/A	N/A	d__Bacteria;p__Bacteroidota;c__Bacteroidia;o__Sphingobacteriales;f__Sphingobacteriaceae;g__Mucilaginibacter;s__	taxonomic classification fully defined by topology	classification based on placement in class-level tree	N/A	88.78	11	0.95499	N/A
Brown_J.bin.6	d__Bacteria;p__Bacteroidota;c__Bacteroidia;o__Sphingobacteriales;f__Sphingobacteriaceae;g__Mucilaginibacter_A;s__	N/A	N/A	N/A	N/A	N/A	GCF_937859865.1	95.0	d__Bacteria;p__Bacteroidota;c__Bacteroidia;o__Sphingobacteriales;f__Sphingobacteriaceae;g__Mucilaginibacter_A;s__Mucilaginibacter_A sp937859865	81.51	0.161	d__Bacteria;p__Bacteroidota;c__Bacteroidia;o__Sphingobacteriales;f__Sphingobacteriaceae;g__Mucilaginibacter_A;s__	taxonomic classification defined by topology and ANI	classification based on placement in class-level tree	N/A	87.86	11	0.96822	N/A
Brown_J.bin.7	d__Bacteria;p__Armatimonadota;c__Armatimonadia;o__Armatimonadales;f__Capsulimonadaceae;g__JANXMY01;s__	N/A	N/A	N/A	N/A	N/A	N/A	N/A	N/A	N/A	N/A	d__Bacteria;p__Armatimonadota;c__Armatimonadia;o__Armatimonadales;f__Capsulimonadaceae;g__JANXMY01;s__	taxonomic novelty determined using RED	classification based on placement in class-level tree	N/A	79.88	11	0.8738	N/A
Brown_J.bin.8	d__Bacteria;p__Cyanobacteriota;c__Cyanobacteriia;o__Cyanobacteriales;f__Nostocaceae;g__NSF051;s__	N/A	N/A	N/A	N/A	N/A	N/A	N/A	N/A	N/A	N/A	d__Bacteria;p__Cyanobacteriota;c__Cyanobacteriia;o__Cyanobacteriales;f__Nostocaceae;g__NSF051;s__	taxonomic novelty determined using RED	classification based on placement in class-level tree	N/A	59.74	11	0.9756	Genome has more than 10.0% of markers with multiple hits
Brown_J.bin.9	d__Bacteria;p__Pseudomonadota;c__Alphaproteobacteria;o__Acetobacterales;f__Acetobacteraceae;g__BOG-908;s__	N/A	N/A	N/A	N/A	N/A	N/A	N/A	N/A	N/A	N/A	d__Bacteria;p__Pseudomonadota;c__Alphaproteobacteria;o__Acetobacterales;f__Acetobacteraceae;g__BOG-908;s__	taxonomic classification fully defined by topology	classification based on placement in class-level tree	N/A	53.01	11	0.96196	N/A
Brown_K.bin.1	d__Bacteria;p__Pseudomonadota;c__Gammaproteobacteria;o__Burkholderiales;f__Burkholderiaceae;g__CAJCIC01;s__	N/A	N/A	N/A	N/A	N/A	N/A	N/A	N/A	N/A	N/A	d__Bacteria;p__Pseudomonadota;c__Gammaproteobacteria;o__Burkholderiales;f__Burkholderiaceae;g__CAJCIC01;s__	taxonomic novelty determined using RED	classification based on placement in class-level tree	N/A	69.41	11	0.9196	N/A
Brown_K.bin.2	d__Bacteria;p__Verrucomicrobiota;c__Verrucomicrobiae;o__Methylacidiphilales;f__UBA1321;g__JABDGH01;s__	N/A	N/A	N/A	N/A	N/A	N/A	N/A	N/A	N/A	N/A	d__Bacteria;p__Verrucomicrobiota;c__Verrucomicrobiae;o__Methylacidiphilales;f__UBA1321;g__JABDGH01;s__	taxonomic classification fully defined by topology	classification based on placement in class-level tree	N/A	57.18	11	0.93367	N/A
Brown_K.bin.3	d__Bacteria;p__Bacteroidota;c__Bacteroidia;o__Sphingobacteriales;f__Sphingobacteriaceae;g__Mucilaginibacter;s__	N/A	N/A	N/A	N/A	N/A	N/A	N/A	N/A	N/A	N/A	d__Bacteria;p__Bacteroidota;c__Bacteroidia;o__Sphingobacteriales;f__Sphingobacteriaceae;g__Mucilaginibacter;s__	taxonomic classification fully defined by topology	classification based on placement in class-level tree	N/A	70.57	11	0.95317	N/A
Brown_K.bin.4	d__Bacteria;p__Pseudomonadota;c__Gammaproteobacteria;o__Xanthomonadales;f__Rhodanobacteraceae;g__Rudaea;s__	N/A	N/A	N/A	N/A	N/A	N/A	N/A	N/A	N/A	N/A	d__Bacteria;p__Pseudomonadota;c__Gammaproteobacteria;o__Xanthomonadales;f__Rhodanobacteraceae;g__Rudaea;s__	taxonomic classification fully defined by topology	classification based on placement in class-level tree	N/A	92.83	11	0.93133	N/A
Brown_K.bin.7	d__Bacteria;p__Actinomycetota;c__Actinomycetes;o__Streptosporangiales;f__Streptosporangiaceae;g__Palsa-504;s__	N/A	N/A	N/A	N/A	N/A	N/A	N/A	N/A	N/A	N/A	d__Bacteria;p__Actinomycetota;c__Actinomycetes;o__Streptosporangiales;f__Streptosporangiaceae;g__Palsa-504;s__	taxonomic classification fully defined by topology	classification based on placement in class-level tree	N/A	47.75	11	0.97778	N/A
Brown_K.bin.8	d__Bacteria;p__Actinomycetota;c__Actinomycetes;o__Mycobacteriales;f__Mycobacteriaceae;g__Mycobacterium;s__	N/A	N/A	N/A	N/A	N/A	GCF_002863225.1	95.0	d__Bacteria;p__Actinomycetota;c__Actinomycetes;o__Mycobacteriales;f__Mycobacteriaceae;g__Mycobacterium;s__Mycobacterium sp002863225	86.04	0.371	d__Bacteria;p__Actinomycetota;c__Actinomycetes;o__Mycobacteriales;f__Mycobacteriaceae;g__Mycobacterium;s__	taxonomic classification defined by topology and ANI	classification based on placement in class-level tree	GCF_030252325.1, s__Mycobacterium sp030252325, 95.0, 85.47, 0.352; GCF_001673405.1, s__Mycobacterium sp001673405, 95.0, 85.39, 0.332; GCF_022430545.2, s__Mycobacterium paraterrae, 95.0, 84.43, 0.254; GCF_010727945.1, s__Mycobacterium cookii, 95.0, 84.36, 0.258	68.68	11	0.99492	N/A
Brown_M.bin.5	d__Bacteria;p__Verrucomicrobiota;c__Verrucomicrobiae;o__Chthoniobacterales;f__SZAS-18;g__CAHJWO01;s__	N/A	N/A	N/A	N/A	N/A	N/A	N/A	N/A	N/A	N/A	d__Bacteria;p__Verrucomicrobiota;c__Verrucomicrobiae;o__Chthoniobacterales;f__SZAS-18;g__CAHJWO01;s__	taxonomic classification fully defined by topology	classification based on placement in class-level tree	N/A	74.1	11	0.95168	N/A
Brown_M.bin.6	d__Bacteria;p__Actinomycetota;c__Actinomycetes;o__Mycobacteriales;f__Mycobacteriaceae;g__Mycobacterium;s__	N/A	N/A	N/A	N/A	N/A	GCF_010729665.1	95.0	d__Bacteria;p__Actinomycetota;c__Actinomycetes;o__Mycobacteriales;f__Mycobacteriaceae;g__Mycobacterium;s__Mycobacterium madagascariense	91.79	0.592	d__Bacteria;p__Actinomycetota;c__Actinomycetes;o__Mycobacteriales;f__Mycobacteriaceae;g__Mycobacterium;s__	taxonomic classification defined by topology and ANI	classification based on placement in class-level tree	N/A	53.03	11	0.99463	Genome not assigned to closest species as it falls outside its pre-defined ANI radius
Brown_N.bin.1	d__Bacteria;p__Acidobacteriota;c__Terriglobia;o__Terriglobales;f__Acidobacteriaceae;g__;s__	N/A	N/A	N/A	N/A	N/A	N/A	N/A	N/A	N/A	N/A	d__Bacteria;p__Acidobacteriota;c__Terriglobia;o__Terriglobales;f__Acidobacteriaceae;g__;s__	taxonomic novelty determined using RED	classification based on placement in class-level tree	N/A	85.04	11	0.8795	N/A
Brown_O.bin.1	d__Bacteria;p__Acidobacteriota;c__Terriglobia;o__Terriglobales;f__Acidobacteriaceae;g__Granulicella_B;s__	N/A	N/A	N/A	N/A	N/A	N/A	N/A	N/A	N/A	N/A	d__Bacteria;p__Acidobacteriota;c__Terriglobia;o__Terriglobales;f__Acidobacteriaceae;g__Granulicella_B;s__	taxonomic classification fully defined by topology	classification based on placement in class-level tree	N/A	50.01	11	0.96607	N/A
Brown_O.bin.3	d__Bacteria;p__Bacteroidota;c__Bacteroidia;o__B-17B0;f__B-17BO;g__PALSA-968;s__	N/A	N/A	N/A	N/A	N/A	N/A	N/A	N/A	N/A	N/A	d__Bacteria;p__Bacteroidota;c__Bacteroidia;o__B-17B0;f__B-17BO;g__PALSA-968;s__	taxonomic classification fully defined by topology	classification based on placement in class-level tree	N/A	43.04	11	0.98918	N/A
Brown_P.bin.1	d__Bacteria;p__Actinomycetota;c__Thermoleophilia;o__Solirubrobacterales;f__70-9;g__VAYN01;s__	N/A	N/A	N/A	N/A	N/A	N/A	N/A	N/A	N/A	N/A	d__Bacteria;p__Actinomycetota;c__Thermoleophilia;o__Solirubrobacterales;f__70-9;g__VAYN01;s__	taxonomic classification defined by topology and ANI	classification based on placement in class-level tree	GCA_937907435.1, s__VAYN01 sp937907435, 95.0, 88.58, 0.314; GCA_937908015.1, s__VAYN01 sp001898095, 95.0, 88.38, 0.286; GCA_018268575.1, s__VAYN01 sp018268575, 95.0, 88.33, 0.281; GCA_025964255.1, s__VAYN01 sp025964255, 95.0, 88.12, 0.3; GCA_018268675.1, s__VAYN01 sp018268675, 95.0, 87.81, 0.276; GCA_018268415.1, s__VAYN01 sp018268415, 95.0, 87.62, 0.257; GCA_018268605.1, s__VAYN01 sp018268605, 95.0, 87.19, 0.241; GCA_018268695.1, s__VAYN01 sp018268695, 95.0, 86.6, 0.17; GCA_025936755.1, s__VAYN01 sp025936755, 95.0, 85.53, 0.152	74.2	11	0.96659	N/A
Brown_P.bin.10	d__Bacteria;p__Actinomycetota;c__Actinomycetes;o__Actinomycetales;f__Kineosporiaceae;g__CALMAR01;s__	N/A	N/A	N/A	N/A	N/A	N/A	N/A	N/A	N/A	N/A	d__Bacteria;p__Actinomycetota;c__Actinomycetes;o__Actinomycetales;f__Kineosporiaceae;g__CALMAR01;s__	taxonomic novelty determined using RED	classification based on placement in class-level tree	N/A	80.46	11	0.88685	N/A
Brown_P.bin.2	d__Bacteria;p__Pseudomonadota;c__Gammaproteobacteria;o__Xanthomonadales;f__Rhodanobacteraceae;g__Rudaea;s__	N/A	N/A	N/A	N/A	N/A	N/A	N/A	N/A	N/A	N/A	d__Bacteria;p__Pseudomonadota;c__Gammaproteobacteria;o__Xanthomonadales;f__Rhodanobacteraceae;g__Rudaea;s__	taxonomic classification fully defined by topology	classification based on placement in class-level tree	N/A	90.51	11	0.91566	N/A
Brown_P.bin.3	d__Bacteria;p__Verrucomicrobiota;c__Verrucomicrobiae;o__Opitutales;f__Opitutaceae;g__EW11;s__	N/A	N/A	N/A	N/A	N/A	N/A	N/A	N/A	N/A	N/A	d__Bacteria;p__Verrucomicrobiota;c__Verrucomicrobiae;o__Opitutales;f__Opitutaceae;g__EW11;s__	taxonomic novelty determined using RED	classification based on placement in class-level tree	N/A	45.84	11	0.94298	N/A
Brown_P.bin.5	d__Bacteria;p__Pseudomonadota;c__Gammaproteobacteria;o__Burkholderiales;f__Burkholderiaceae;g__Variovorax;s__	N/A	N/A	N/A	N/A	N/A	GCF_900115685.1	95.0	d__Bacteria;p__Pseudomonadota;c__Gammaproteobacteria;o__Burkholderiales;f__Burkholderiaceae;g__Variovorax;s__Variovorax sp900115685	89.71	0.5	d__Bacteria;p__Pseudomonadota;c__Gammaproteobacteria;o__Burkholderiales;f__Burkholderiaceae;g__Variovorax;s__	taxonomic classification defined by topology and ANI	classification based on placement in class-level tree	GCF_900112425.1, s__Variovorax sp900112425, 95.0, 90.3, 0.492; GCF_016082275.1, s__Variovorax sp016082275, 95.0, 90.27, 0.497; GCF_900100965.1, s__Variovorax sp900100965, 95.0, 90.12, 0.486; GCF_014302995.1, s__Variovorax sp014302995, 95.0, 90.04, 0.492; GCF_000282635.1, s__Variovorax sp000282635, 95.0, 90.0, 0.414; GCA_945860785.1, s__Variovorax sp945860785, 95.0, 89.98, 0.425; GCF_009498455.1, s__Variovorax paradoxus_H, 95.0, 89.97, 0.404; GCF_030317035.1, s__Variovorax sp030317035, 95.0, 89.92, 0.483; GCF_016405905.1, s__Variovorax sp016405905, 95.0, 89.9, 0.47; GCF_013376045.1, s__Variovorax sp013376045, 95.0, 89.9, 0.44; GCF_003852515.1, s__Variovorax sp003852515, 95.0, 89.89, 0.445; GCF_002754375.1, s__Variovorax sp002754375, 95.0, 89.88, 0.391; GCF_024734665.1, s__Variovorax sp900106655, 95.0, 89.87, 0.477; GCF_001426505.1, s__Variovorax sp001426505, 95.0, 89.86, 0.378; GCF_003952165.1, s__Variovorax guangxiensis, 95.0, 89.8, 0.428; GCF_030462475.1, s__Variovorax sp030462475, 95.0, 89.8, 0.415; GCF_003019815.1, s__Variovorax sp003019815, 95.0, 89.69, 0.46; GCF_000382045.1, s__Variovorax paradoxus_A, 95.0, 89.69, 0.424; GCF_017161115.1, s__Variovorax sp017161115, 95.0, 89.67, 0.484; GCF_001591365.1, s__Variovorax paradoxus, 95.0, 89.67, 0.392; GCF_024701975.1, s__Variovorax sp024701975, 95.0, 89.66, 0.459; GCF_022009635.1, s__Variovorax sp001899795, 95.0, 89.61, 0.492; GCF_000463015.1, s__Variovorax paradoxus_E, 95.0, 89.6, 0.392; GCF_030815975.1, s__Variovorax paradoxus_N, 95.0, 89.6, 0.368; GCF_003952185.1, s__Variovorax sp003952185, 95.0, 89.55, 0.45; GCF_030812215.1, s__Variovorax boronicumulans_C, 95.0, 89.55, 0.448; GCF_001425205.1, s__Variovorax sp001425205, 95.0, 89.55, 0.395; GCF_003951285.1, s__Variovorax beijingensis, 95.0, 89.55, 0.379; GCF_029892485.1, s__Variovorax boronicumulans_B, 95.0, 89.52, 0.456; GCF_000184745.1, s__Variovorax paradoxus_C, 95.0, 89.5, 0.432; GCF_003965815.1, s__Variovorax gossypii, 95.0, 89.5, 0.361; GCF_007828835.1, s__Variovorax beijingensis_A, 95.0, 89.49, 0.384; GCF_018614875.1, s__Variovorax paradoxus_I, 95.0, 89.48, 0.31; GCF_000834655.1, s__Variovorax paradoxus_F, 95.0, 89.41, 0.444; GCA_023667525.1, s__Variovorax beijingensis_B, 95.0, 89.4, 0.368; GCF_001591345.1, s__Variovorax boronicumulans, 95.0, 89.38, 0.394; GCA_016806145.1, s__Variovorax sp900115375, 95.0, 89.14, 0.383; GCF_030815855.1, s__Variovorax paradoxus_M, 95.0, 89.14, 0.348; GCA_913776885.1, s__Variovorax sp913776885, 95.0, 89.12, 0.319; GCF_900099805.1, s__Variovorax sp900099805, 95.0, 88.82, 0.337; GCF_001424835.1, s__Variovorax sp001424835, 95.0, 88.74, 0.307; GCF_023195515.1, s__Variovorax sp023195515, 95.0, 88.73, 0.323; GCF_003984625.1, s__Variovorax sp003984625, 95.0, 88.73, 0.307; GCF_029893635.1, s__Variovorax sp029893635, 95.0, 88.69, 0.305; GCF_029919115.1, s__Variovorax paradoxus_O, 95.0, 88.57, 0.31; GCF_030811855.1, s__Variovorax paradoxus_L, 95.0, 88.48, 0.313; GCF_009755665.1, s__Variovorax paradoxus_G, 95.0, 88.3, 0.314; GCF_014170375.1, s__Variovorax sp014170375, 95.0, 87.47, 0.189; GCA_946478645.1, s__Variovorax sp946478645, 95.0, 87.43, 0.211; GCF_019352895.1, s__Variovorax boronicumulans_A, 95.0, 87.33, 0.192; GCF_900101545.1, s__Variovorax sp900101545, 95.0, 87.14, 0.189; GCF_030316845.1, s__Variovorax sp030316845, 95.0, 86.93, 0.172; GCF_018614915.1, s__Variovorax paradoxus_K, 95.0, 86.91, 0.174; GCF_025486315.1, s__Variovorax sp025486315, 95.0, 86.91, 0.156; GCF_030316825.1, s__Variovorax sp030316825, 95.0, 86.83, 0.169; GCF_030316765.1, s__Variovorax sp030316765, 95.0, 86.77, 0.171; GCF_030486595.1, s__Variovorax ginsengisoli_B, 95.0, 86.77, 0.165; GCF_901827185.1, s__Variovorax sp901827185, 95.0, 86.76, 0.167; GCF_018614955.1, s__Variovorax paradoxus_J, 95.0, 86.7, 0.173; GCF_003984645.1, s__Variovorax sp003984645, 95.0, 86.69, 0.161; GCF_010499245.1, s__Variovorax sp003014875, 95.0, 86.66, 0.179; GCA_009765735.1, s__Variovorax sp009765735, 95.0, 86.37, 0.153; GCF_002157355.1, s__Variovorax sp002157355, 95.0, 86.3, 0.157	45.48	11	0.99845	N/A
Brown_P.bin.6	d__Bacteria;p__Patescibacteria;c__Saccharimonadia;o__Saccharimonadales;f__UBA4665;g__JACMPA01;s__	N/A	N/A	N/A	N/A	N/A	N/A	N/A	N/A	N/A	N/A	d__Bacteria;p__Patescibacteria;c__Saccharimonadia;o__Saccharimonadales;f__UBA4665;g__JACMPA01;s__	taxonomic classification fully defined by topology	classification based on placement in class-level tree	N/A	66.49	11	0.91033	N/A
Brown_Q.bin.2	d__Bacteria;p__Pseudomonadota;c__Gammaproteobacteria;o__Steroidobacterales;f__Steroidobacteraceae;g__Bog-1198;s__	N/A	N/A	N/A	N/A	N/A	N/A	N/A	N/A	N/A	N/A	d__Bacteria;p__Pseudomonadota;c__Gammaproteobacteria;o__Steroidobacterales;f__Steroidobacteraceae;g__Bog-1198;s__	taxonomic classification fully defined by topology	classification based on placement in class-level tree	N/A	96.29	11	0.94303	N/A
Brown_Q.bin.3	d__Bacteria;p__Actinomycetota;c__Actinomycetes;o__Mycobacteriales;f__Jatrophihabitantaceae;g__Jatrophihabitans;s__	N/A	N/A	N/A	N/A	N/A	N/A	N/A	N/A	N/A	N/A	d__Bacteria;p__Actinomycetota;c__Actinomycetes;o__Mycobacteriales;f__Jatrophihabitantaceae;g__Jatrophihabitans;s__	taxonomic classification fully defined by topology	classification based on placement in class-level tree	N/A	75.13	11	0.95282	N/A
Brown_Q.bin.4	d__Bacteria;p__Acidobacteriota;c__Terriglobia;o__Terriglobales;f__Acidobacteriaceae;g__Granulicella;s__	N/A	N/A	N/A	N/A	N/A	N/A	N/A	N/A	N/A	N/A	d__Bacteria;p__Acidobacteriota;c__Terriglobia;o__Terriglobales;f__Acidobacteriaceae;g__Granulicella;s__	taxonomic classification fully defined by topology	classification based on placement in class-level tree	N/A	87.63	11	0.94349	N/A
Brown_Q.bin.7	d__Bacteria;p__Pseudomonadota;c__Alphaproteobacteria;o__Caulobacterales;f__Caulobacteraceae;g__JASLDZ01;s__	N/A	N/A	N/A	N/A	N/A	GCA_030151985.1	95.0	d__Bacteria;p__Pseudomonadota;c__Alphaproteobacteria;o__Caulobacterales;f__Caulobacteraceae;g__JASLDZ01;s__JASLDZ01 sp030151985	87.48	0.385	d__Bacteria;p__Pseudomonadota;c__Alphaproteobacteria;o__Caulobacterales;f__Caulobacteraceae;g__JASLDZ01;s__	taxonomic classification defined by topology and ANI	classification based on placement in class-level tree	N/A	70.72	11	0.986	N/A
Brown_R.bin.1	d__Bacteria;p__Pseudomonadota;c__Alphaproteobacteria;o__Acetobacterales;f__Acetobacteraceae;g__Acidocella;s__	N/A	N/A	N/A	N/A	N/A	N/A	N/A	N/A	N/A	N/A	d__Bacteria;p__Pseudomonadota;c__Alphaproteobacteria;o__Acetobacterales;f__Acetobacteraceae;g__Acidocella;s__	taxonomic classification fully defined by topology	classification based on placement in class-level tree	N/A	58.15	11	0.97151	N/A
Brown_R.bin.3	d__Bacteria;p__Eremiobacterota;c__Eremiobacteria;o__Baltobacterales;f__Baltobacteraceae;g__JANYGA01;s__	N/A	N/A	N/A	N/A	N/A	N/A	N/A	N/A	N/A	N/A	d__Bacteria;p__Eremiobacterota;c__Eremiobacteria;o__Baltobacterales;f__Baltobacteraceae;g__JANYGA01;s__	taxonomic novelty determined using RED	classification based on placement in class-level tree	N/A	86.97	11	0.93731	N/A
Brown_R.bin.4	d__Bacteria;p__Verrucomicrobiota;c__Verrucomicrobiae;o__Methylacidiphilales;f__UBA1321;g__JABDGH01;s__	N/A	N/A	N/A	N/A	N/A	N/A	N/A	N/A	N/A	N/A	d__Bacteria;p__Verrucomicrobiota;c__Verrucomicrobiae;o__Methylacidiphilales;f__UBA1321;g__JABDGH01;s__	taxonomic classification fully defined by topology	classification based on placement in class-level tree	N/A	40.22	11	0.9532	N/A
Brown_R.bin.8	d__Bacteria;p__Pseudomonadota;c__Alphaproteobacteria;o__Acetobacterales;f__Acetobacteraceae;g__BOG-908;s__	N/A	N/A	N/A	N/A	N/A	N/A	N/A	N/A	N/A	N/A	d__Bacteria;p__Pseudomonadota;c__Alphaproteobacteria;o__Acetobacterales;f__Acetobacteraceae;g__BOG-908;s__	taxonomic classification fully defined by topology	classification based on placement in class-level tree	N/A	67.71	11	0.96121	N/A
Brown_R.bin.9	d__Bacteria;p__Pseudomonadota;c__Alphaproteobacteria;o__BOG-932;f__BOG-932;g__;s__	N/A	N/A	N/A	N/A	N/A	N/A	N/A	N/A	N/A	N/A	d__Bacteria;p__Pseudomonadota;c__Alphaproteobacteria;o__BOG-932;f__BOG-932;g__;s__	taxonomic novelty determined using RED	classification based on placement in class-level tree	N/A	42.56	11	0.87506	N/A
Brown_S.bin.2	d__Bacteria;p__Bacteroidota;c__Bacteroidia;o__Sphingobacteriales;f__Sphingobacteriaceae;g__Mucilaginibacter;s__	N/A	N/A	N/A	N/A	N/A	N/A	N/A	N/A	N/A	N/A	d__Bacteria;p__Bacteroidota;c__Bacteroidia;o__Sphingobacteriales;f__Sphingobacteriaceae;g__Mucilaginibacter;s__	taxonomic classification fully defined by topology	classification based on placement in class-level tree	N/A	54.12	11	0.95458	N/A
Brown_S.bin.4	d__Bacteria;p__Verrucomicrobiota;c__Verrucomicrobiae;o__Methylacidiphilales;f__UBA1321;g__JABDGH01;s__	N/A	N/A	N/A	N/A	N/A	GCA_903970275.1	95.0	d__Bacteria;p__Verrucomicrobiota;c__Verrucomicrobiae;o__Methylacidiphilales;f__UBA1321;g__JABDGH01;s__JABDGH01 sp903970275	84.0	0.308	d__Bacteria;p__Verrucomicrobiota;c__Verrucomicrobiae;o__Methylacidiphilales;f__UBA1321;g__JABDGH01;s__	taxonomic classification defined by topology and ANI	classification based on placement in class-level tree	N/A	68.3	11	0.98049	N/A
Brown_S.bin.5	d__Bacteria;p__Pseudomonadota;c__Gammaproteobacteria;o__Steroidobacterales;f__Steroidobacteraceae;g__Bog-1198;s__	N/A	N/A	N/A	N/A	N/A	N/A	N/A	N/A	N/A	N/A	d__Bacteria;p__Pseudomonadota;c__Gammaproteobacteria;o__Steroidobacterales;f__Steroidobacteraceae;g__Bog-1198;s__	taxonomic classification fully defined by topology	classification based on placement in class-level tree	N/A	69.71	11	0.96002	N/A
Brown_T.bin.10	d__Bacteria;p__Actinomycetota;c__Thermoleophilia;o__Solirubrobacterales;f__Solirubrobacteraceae;g__Palsa-465;s__	N/A	N/A	N/A	N/A	N/A	N/A	N/A	N/A	N/A	N/A	d__Bacteria;p__Actinomycetota;c__Thermoleophilia;o__Solirubrobacterales;f__Solirubrobacteraceae;g__Palsa-465;s__	taxonomic classification fully defined by topology	classification based on placement in class-level tree	N/A	80.58	11	0.93572	N/A
Brown_T.bin.12	d__Bacteria;p__Acidobacteriota;c__Terriglobia;o__Terriglobales;f__Acidobacteriaceae;g__Acidicapsa;s__	N/A	N/A	N/A	N/A	N/A	N/A	N/A	N/A	N/A	N/A	d__Bacteria;p__Acidobacteriota;c__Terriglobia;o__Terriglobales;f__Acidobacteriaceae;g__Acidicapsa;s__	taxonomic classification fully defined by topology	classification based on placement in class-level tree	N/A	48.5	11	0.9668	N/A
Brown_T.bin.2	d__Bacteria;p__Acidobacteriota;c__Terriglobia;o__Terriglobales;f__Acidobacteriaceae;g__;s__	N/A	N/A	N/A	N/A	N/A	N/A	N/A	N/A	N/A	N/A	d__Bacteria;p__Acidobacteriota;c__Terriglobia;o__Terriglobales;f__Acidobacteriaceae;g__;s__	taxonomic novelty determined using RED	classification based on placement in class-level tree	N/A	49.1	11	0.85607	N/A
Brown_T.bin.5	d__Bacteria;p__Acidobacteriota;c__Terriglobia;o__Terriglobales;f__Acidobacteriaceae;g__Terriglobus;s__	N/A	N/A	N/A	N/A	N/A	N/A	N/A	N/A	N/A	N/A	d__Bacteria;p__Acidobacteriota;c__Terriglobia;o__Terriglobales;f__Acidobacteriaceae;g__Terriglobus;s__	taxonomic classification fully defined by topology	classification based on placement in class-level tree	N/A	68.9	11	0.95118	N/A
Brown_T.bin.6	d__Bacteria;p__Eremiobacterota;c__Eremiobacteria;o__Baltobacterales;f__Baltobacteraceae;g__JANYGA01;s__	N/A	N/A	N/A	N/A	N/A	N/A	N/A	N/A	N/A	N/A	d__Bacteria;p__Eremiobacterota;c__Eremiobacteria;o__Baltobacterales;f__Baltobacteraceae;g__JANYGA01;s__	taxonomic novelty determined using RED	classification based on placement in class-level tree	N/A	55.55	11	0.94184	N/A
Brown_T.bin.8	d__Bacteria;p__Actinomycetota;c__Actinomycetes;o__Streptosporangiales;f__Streptosporangiaceae;g__Trebonia;s__	N/A	N/A	N/A	N/A	N/A	N/A	N/A	N/A	N/A	N/A	d__Bacteria;p__Actinomycetota;c__Actinomycetes;o__Streptosporangiales;f__Streptosporangiaceae;g__Trebonia;s__	taxonomic classification fully defined by topology	classification based on placement in class-level tree	N/A	47.13	11	0.95532	N/A
Brown_U.bin.1	d__Bacteria;p__Eremiobacterota;c__Eremiobacteria;o__Baltobacterales;f__Baltobacteraceae;g__Velthaea;s__	N/A	N/A	N/A	N/A	N/A	N/A	N/A	N/A	N/A	N/A	d__Bacteria;p__Eremiobacterota;c__Eremiobacteria;o__Baltobacterales;f__Baltobacteraceae;g__Velthaea;s__	taxonomic novelty determined using RED	classification based on placement in class-level tree	N/A	46.55	11	0.92134	N/A
Brown_V.bin.1	d__Bacteria;p__Pseudomonadota;c__Gammaproteobacteria;o__Steroidobacterales;f__Steroidobacteraceae;g__Bog-1198;s__	N/A	N/A	N/A	N/A	N/A	N/A	N/A	N/A	N/A	N/A	d__Bacteria;p__Pseudomonadota;c__Gammaproteobacteria;o__Steroidobacterales;f__Steroidobacteraceae;g__Bog-1198;s__	taxonomic classification fully defined by topology	classification based on placement in class-level tree	N/A	77.62	11	0.95321	N/A
Brown_V.bin.2	d__Bacteria;p__Actinomycetota;c__Actinomycetes;o__Streptosporangiales;f__Streptosporangiaceae;g__Palsa-504;s__	N/A	N/A	N/A	N/A	N/A	N/A	N/A	N/A	N/A	N/A	d__Bacteria;p__Actinomycetota;c__Actinomycetes;o__Streptosporangiales;f__Streptosporangiaceae;g__Palsa-504;s__	taxonomic classification fully defined by topology	classification based on placement in class-level tree	N/A	47.13	11	0.95853	N/A
Brown_W.bin.1	d__Bacteria;p__Actinomycetota;c__Actinomycetes;o__Streptosporangiales;f__Streptosporangiaceae;g__Palsa-504;s__Palsa-504 sp003161205	GCA_003161205.1	95.0	d__Bacteria;p__Actinomycetota;c__Actinomycetes;o__Streptosporangiales;f__Streptosporangiaceae;g__Palsa-504;s__Palsa-504 sp003161205	99.21	0.781	N/A	N/A	N/A	N/A	N/A	N/A	ani_screen	classification based on ANI only	GCA_003168295.1, s__Palsa-504 sp003168295, 95.0, 88.07, 0.269; GCA_030853115.1, s__Palsa-504 sp030853115, 95.0, 86.62, 0.162	N/A	N/A	N/A	N/A
Brown_W.bin.3	d__Bacteria;p__Pseudomonadota;c__Gammaproteobacteria;o__Steroidobacterales;f__Steroidobacteraceae;g__Bog-1198;s__	N/A	N/A	N/A	N/A	N/A	N/A	N/A	N/A	N/A	N/A	d__Bacteria;p__Pseudomonadota;c__Gammaproteobacteria;o__Steroidobacterales;f__Steroidobacteraceae;g__Bog-1198;s__	taxonomic classification fully defined by topology	classification based on placement in class-level tree	N/A	40.66	11	0.94951	N/A
Brown_W.bin.4	d__Bacteria;p__Acidobacteriota;c__Terriglobia;o__Terriglobales;f__SbA1;g__Sulfotelmatobacter;s__	N/A	N/A	N/A	N/A	N/A	N/A	N/A	N/A	N/A	N/A	d__Bacteria;p__Acidobacteriota;c__Terriglobia;o__Terriglobales;f__SbA1;g__Sulfotelmatobacter;s__	taxonomic classification fully defined by topology	classification based on placement in class-level tree	N/A	86.18	11	0.95013	N/A
Brown_W.bin.5	d__Bacteria;p__Acidobacteriota;c__Terriglobia;o__Acidoferrales;f__UBA7541;g__Acidoferrum;s__	N/A	N/A	N/A	N/A	N/A	N/A	N/A	N/A	N/A	N/A	d__Bacteria;p__Acidobacteriota;c__Terriglobia;o__Acidoferrales;f__UBA7541;g__Acidoferrum;s__	taxonomic classification fully defined by topology	classification based on placement in class-level tree	N/A	48.9	11	0.98155	N/A
Brown_W.bin.6	d__Bacteria;p__Eremiobacterota;c__Eremiobacteria;o__Baltobacterales;f__Baltobacteraceae;g__JANYGA01;s__	N/A	N/A	N/A	N/A	N/A	N/A	N/A	N/A	N/A	N/A	d__Bacteria;p__Eremiobacterota;c__Eremiobacteria;o__Baltobacterales;f__Baltobacteraceae;g__JANYGA01;s__	taxonomic novelty determined using RED	classification based on placement in class-level tree	N/A	34.68	11	0.94178	N/A
Brown_X.bin.1	d__Bacteria;p__Acidobacteriota;c__Terriglobia;o__Terriglobales;f__Acidobacteriaceae;g__;s__	N/A	N/A	N/A	N/A	N/A	N/A	N/A	N/A	N/A	N/A	d__Bacteria;p__Acidobacteriota;c__Terriglobia;o__Terriglobales;f__Acidobacteriaceae;g__;s__	taxonomic novelty determined using RED	classification based on placement in class-level tree	N/A	89.77	11	0.87987	N/A
Brown_X.bin.4	d__Bacteria;p__Pseudomonadota;c__Gammaproteobacteria;o__Steroidobacterales;f__Steroidobacteraceae;g__Bog-1198;s__	N/A	N/A	N/A	N/A	N/A	N/A	N/A	N/A	N/A	N/A	d__Bacteria;p__Pseudomonadota;c__Gammaproteobacteria;o__Steroidobacterales;f__Steroidobacteraceae;g__Bog-1198;s__	taxonomic classification fully defined by topology	classification based on placement in class-level tree	N/A	82.64	11	0.94309	N/A
Brown_Y.bin.1	d__Bacteria;p__Verrucomicrobiota;c__Verrucomicrobiae;o__Methylacidiphilales;f__UBA1321;g__JABDGH01;s__	N/A	N/A	N/A	N/A	N/A	N/A	N/A	N/A	N/A	N/A	d__Bacteria;p__Verrucomicrobiota;c__Verrucomicrobiae;o__Methylacidiphilales;f__UBA1321;g__JABDGH01;s__	taxonomic classification fully defined by topology	classification based on placement in class-level tree	N/A	64.27	11	0.96855	N/A
Brown_Y.bin.2	d__Bacteria;p__Pseudomonadota;c__Gammaproteobacteria;o__Steroidobacterales;f__Steroidobacteraceae;g__Bog-1198;s__	N/A	N/A	N/A	N/A	N/A	N/A	N/A	N/A	N/A	N/A	d__Bacteria;p__Pseudomonadota;c__Gammaproteobacteria;o__Steroidobacterales;f__Steroidobacteraceae;g__Bog-1198;s__	taxonomic classification fully defined by topology	classification based on placement in class-level tree	N/A	93.13	11	0.95237	N/A
Brown_Y.bin.3	d__Bacteria;p__Bacteroidota;c__Bacteroidia;o__Chitinophagales;f__Chitinophagaceae;g__Puia;s__	N/A	N/A	N/A	N/A	N/A	N/A	N/A	N/A	N/A	N/A	d__Bacteria;p__Bacteroidota;c__Bacteroidia;o__Chitinophagales;f__Chitinophagaceae;g__Puia;s__	taxonomic classification fully defined by topology	classification based on placement in class-level tree	N/A	86.95	11	0.92812	N/A
Brown_Y.bin.4	d__Bacteria;p__Bacteroidota;c__Bacteroidia;o__Chitinophagales;f__Chitinophagaceae;g__Puia;s__	N/A	N/A	N/A	N/A	N/A	N/A	N/A	N/A	N/A	N/A	d__Bacteria;p__Bacteroidota;c__Bacteroidia;o__Chitinophagales;f__Chitinophagaceae;g__Puia;s__	taxonomic classification fully defined by topology	classification based on placement in class-level tree	N/A	51.84	11	0.93424	N/A
Brown_Y.bin.6	d__Bacteria;p__Pseudomonadota;c__Gammaproteobacteria;o__Burkholderiales;f__Burkholderiaceae;g__Schlegelella_A;s__	N/A	N/A	N/A	N/A	N/A	GCA_030946925.1	95.0	d__Bacteria;p__Pseudomonadota;c__Gammaproteobacteria;o__Burkholderiales;f__Burkholderiaceae;g__Schlegelella_A;s__Schlegelella_A sp030946925	83.96	0.216	d__Bacteria;p__Pseudomonadota;c__Gammaproteobacteria;o__Burkholderiales;f__Burkholderiaceae;g__Schlegelella_A;s__	taxonomic classification defined by topology and ANI	classification based on placement in class-level tree	GCA_021414305.1, s__Schlegelella_A sp021414305, 95.0, 84.9, 0.239; GCA_017881025.1, s__Schlegelella_A sp017881025, 95.0, 83.7, 0.17; GCA_025350505.1, s__Schlegelella_A sp025350505, 95.0, 83.61, 0.181; GCA_003152055.1, s__Schlegelella_A sp003152055, 95.0, 83.01, 0.162	81.71	11	0.99065	N/A
Brown_Y.bin.7	d__Bacteria;p__Verrucomicrobiota;c__Verrucomicrobiae;o__Methylacidiphilales;f__UBA1321;g__JABDGH01;s__	N/A	N/A	N/A	N/A	N/A	N/A	N/A	N/A	N/A	N/A	d__Bacteria;p__Verrucomicrobiota;c__Verrucomicrobiae;o__Methylacidiphilales;f__UBA1321;g__JABDGH01;s__	taxonomic classification fully defined by topology	classification based on placement in class-level tree	N/A	57.97	11	0.96928	N/A
Brown_Z.bin.1	d__Bacteria;p__Cyanobacteriota;c__Cyanobacteriia;o__Cyanobacteriales;f__Nostocaceae;g__Stigonema;s__	N/A	N/A	N/A	N/A	N/A	GCA_016903675.1	95.0	d__Bacteria;p__Cyanobacteriota;c__Cyanobacteriia;o__Cyanobacteriales;f__Nostocaceae;g__Stigonema;s__Stigonema ocellatum	85.3	0.162	d__Bacteria;p__Cyanobacteriota;c__Cyanobacteriia;o__Cyanobacteriales;f__Nostocaceae;g__Stigonema;s__	taxonomic classification defined by topology and ANI	classification based on placement in class-level tree	N/A	61.53	11	0.96761	N/A
Brown_Z.bin.2	d__Bacteria;p__Actinomycetota;c__Actinomycetes;o__Streptosporangiales;f__Streptosporangiaceae;g__Trebonia;s__	N/A	N/A	N/A	N/A	N/A	N/A	N/A	N/A	N/A	N/A	d__Bacteria;p__Actinomycetota;c__Actinomycetes;o__Streptosporangiales;f__Streptosporangiaceae;g__Trebonia;s__	taxonomic classification fully defined by topology	classification based on placement in class-level tree	N/A	72.25	11	0.97428	N/A
Brown_Z.bin.4	d__Bacteria;p__Eremiobacterota;c__Eremiobacteria;o__Baltobacterales;f__Baltobacteraceae;g__;s__	N/A	N/A	N/A	N/A	N/A	N/A	N/A	N/A	N/A	N/A	d__Bacteria;p__Eremiobacterota;c__Eremiobacteria;o__Baltobacterales;f__Baltobacteraceae;g__;s__	taxonomic classification fully defined by topology	classification based on placement in class-level tree	N/A	49.91	11	0.9128	N/A
Brown_Z.bin.5	d__Bacteria;p__Bacteroidota;c__Bacteroidia;o__Sphingobacteriales;f__Sphingobacteriaceae;g__Mucilaginibacter;s__	N/A	N/A	N/A	N/A	N/A	N/A	N/A	N/A	N/A	N/A	d__Bacteria;p__Bacteroidota;c__Bacteroidia;o__Sphingobacteriales;f__Sphingobacteriaceae;g__Mucilaginibacter;s__	taxonomic classification fully defined by topology	classification based on placement in class-level tree	N/A	54.94	11	0.98462	N/A
Brown_Z.bin.6	d__Bacteria;p__Dependentiae;c__Babeliae;o__Babeliales;f__Vermiphilaceae;g__DAOUPL01;s__	N/A	N/A	N/A	N/A	N/A	N/A	N/A	N/A	N/A	N/A	d__Bacteria;p__Dependentiae;c__Babeliae;o__Babeliales;f__Vermiphilaceae;g__DAOUPL01;s__	taxonomic novelty determined using RED	classification based on placement in class-level tree	N/A	62.56	11	0.85287	N/A
Brown_Z.bin.7	d__Bacteria;p__Acidobacteriota;c__Terriglobia;o__Terriglobales;f__Acidobacteriaceae;g__Terriglobus;s__	N/A	N/A	N/A	N/A	N/A	N/A	N/A	N/A	N/A	N/A	d__Bacteria;p__Acidobacteriota;c__Terriglobia;o__Terriglobales;f__Acidobacteriaceae;g__Terriglobus;s__	taxonomic classification fully defined by topology	classification based on placement in class-level tree	N/A	58.43	11	0.955	N/A
Green_AA.bin.3	d__Bacteria;p__Pseudomonadota;c__Alphaproteobacteria;o__Sphingomonadales;f__Sphingomonadaceae;g__Novosphingobium;s__	N/A	N/A	N/A	N/A	N/A	GCA_030776465.1	95.0	d__Bacteria;p__Pseudomonadota;c__Alphaproteobacteria;o__Sphingomonadales;f__Sphingomonadaceae;g__Novosphingobium;s__Novosphingobium sp030776465	81.55	0.182	d__Bacteria;p__Pseudomonadota;c__Alphaproteobacteria;o__Sphingomonadales;f__Sphingomonadaceae;g__Novosphingobium;s__	taxonomic classification defined by topology and ANI	classification based on placement in class-level tree	N/A	91.64	11	0.98957	N/A
Green_AA.bin.5	d__Bacteria;p__Pseudomonadota;c__Alphaproteobacteria;o__Acetobacterales;f__Acetobacteraceae;g__BOG-908;s__	N/A	N/A	N/A	N/A	N/A	N/A	N/A	N/A	N/A	N/A	d__Bacteria;p__Pseudomonadota;c__Alphaproteobacteria;o__Acetobacterales;f__Acetobacteraceae;g__BOG-908;s__	taxonomic novelty determined using RED	classification based on placement in class-level tree	N/A	43.3	11	0.91986	N/A
Green_AD.bin.2	d__Bacteria;p__Cyanobacteriota;c__Cyanobacteriia;o__Cyanobacteriales;f__Nostocaceae;g__Nostoc;s__	N/A	N/A	N/A	N/A	N/A	N/A	N/A	N/A	N/A	N/A	d__Bacteria;p__Cyanobacteriota;c__Cyanobacteriia;o__Cyanobacteriales;f__Nostocaceae;g__Nostoc;s__	taxonomic classification defined by topology and ANI	classification based on placement in class-level tree	GCF_020829625.1, s__Nostoc sp020829625, 95.0, 93.51, 0.561; GCF_003113895.1, s__Nostoc commune, 95.0, 93.16, 0.555; GCF_002813575.1, s__Nostoc flagelliforme_A, 95.0, 92.77, 0.524; GCF_020829495.1, s__Nostoc favosum, 95.0, 92.75, 0.491; GCF_020829645.1, s__Nostoc mirabile, 95.0, 92.51, 0.497; GCF_003443655.1, s__Nostoc sphaeroides, 95.0, 92.28, 0.454; GCA_023522315.1, s__Nostoc sp023522315, 95.0, 92.27, 0.46; GCA_020829485.1, s__Nostoc sp020829485, 95.0, 92.08, 0.471; GCF_020829685.1, s__Nostoc sp020829685, 95.0, 91.73, 0.36; GCA_020829665.1, s__Nostoc sp020829665, 95.0, 90.53, 0.462; GCA_020829585.1, s__Nostoc sp020829585, 95.0, 90.12, 0.443; GCA_019359245.1, s__Nostoc desertorum, 95.0, 89.92, 0.43; GCA_019359215.1, s__Nostoc indistinguendum, 95.0, 89.88, 0.42; GCF_017114985.1, s__Nostoc sp017114985, 95.0, 89.85, 0.383; GCF_028623165.1, s__Nostoc sp028623165, 95.0, 89.74, 0.409; GCF_014698795.1, s__Nostoc sp014698795, 95.0, 89.67, 0.44; GCF_014698505.1, s__Nostoc foliaceum_A, 95.0, 89.67, 0.435; GCF_017115025.1, s__Nostoc sp017115025, 95.0, 89.53, 0.371; GCF_014698065.1, s__Nostoc flagelliforme_B, 95.0, 89.43, 0.379; GCF_000020025.1, s__Nostoc punctiforme, 95.0, 89.36, 0.391; GCA_003326195.1, s__Nostoc punctiforme_A, 95.0, 89.33, 0.388; GCF_017114945.1, s__Nostoc sp017114945, 95.0, 89.28, 0.378; GCF_937863485.1, s__Nostoc sp937863485, 95.0, 89.23, 0.376; GCF_009873495.1, s__Nostoc muscorum_A, 95.0, 89.22, 0.382; GCF_029379315.1, s__Nostoc sp029379315, 95.0, 89.19, 0.343; GCF_015206895.1, s__Nostoc sp015206895, 95.0, 89.18, 0.389; GCF_002246015.1, s__Nostoc sp002246015, 95.0, 89.09, 0.368; GCF_014222285.1, s__Nostoc sp014222285, 95.0, 89.03, 0.381; GCF_017114995.1, s__Nostoc sp017114995, 95.0, 89.03, 0.372; GCF_015206985.1, s__Nostoc sp015206985, 95.0, 89.02, 0.384; GCF_001712795.1, s__Nostoc sp001712795, 95.0, 88.99, 0.355; GCA_015206945.1, s__Nostoc sp015206945, 95.0, 88.95, 0.359; GCF_002949735.1, s__Nostoc sp002949735, 95.0, 88.93, 0.375; GCF_017115105.1, s__Nostoc sp017115105, 95.0, 88.91, 0.352; GCF_023734775.1, s__Nostoc commune_A, 95.0, 88.9, 0.339; GCF_017115085.1, s__Nostoc sp017115085, 95.0, 88.84, 0.348; GCF_017115165.1, s__Nostoc sp017115165, 95.0, 88.79, 0.352; GCF_002949795.1, s__Nostoc sp002949795, 95.0, 88.73, 0.364; GCF_002245985.1, s__Nostoc sp002245985, 95.0, 88.72, 0.372; GCF_013343235.1, s__Nostoc sp013343235, 95.0, 88.71, 0.355; GCF_014023275.1, s__Nostoc edaphicum_A, 95.0, 88.71, 0.349; GCF_030382115.1, s__Nostoc sp030382115, 95.0, 88.59, 0.337; GCF_017115045.1, s__Nostoc sp017115045, 95.0, 88.45, 0.341; GCF_013393905.1, s__Nostoc sp013393905, 95.0, 88.33, 0.346; GCF_017115095.1, s__Nostoc sp017115095, 95.0, 88.19, 0.308; GCF_015207245.1, s__Nostoc edaphicum_B, 95.0, 88.16, 0.232; GCF_026127265.1, s__Nostoc sp026127265, 95.0, 88.15, 0.344; GCF_020829445.1, s__Nostoc sp020829445, 95.0, 88.08, 0.259; GCF_015714725.1, s__Nostoc sp015714725, 95.0, 87.17, 0.247; GCF_015207005.2, s__Nostoc muscorum, 95.0, 85.41, 0.176; GCA_014697355.1, s__Nostoc calcicola, 95.06, 84.97, 0.16	55.63	11	0.99126	Genome not assigned to closest species as it falls outside its pre-defined ANI radius
Green_AK.bin.2	d__Bacteria;p__Pseudomonadota;c__Gammaproteobacteria;o__Xanthomonadales;f__Xanthomonadaceae;g__Xanthomonas_A;s__	N/A	N/A	N/A	N/A	N/A	GCA_025666215.1	95.0	d__Bacteria;p__Pseudomonadota;c__Gammaproteobacteria;o__Xanthomonadales;f__Xanthomonadaceae;g__Xanthomonas_A;s__Xanthomonas_A campestris_A	93.81	0.765	d__Bacteria;p__Pseudomonadota;c__Gammaproteobacteria;o__Xanthomonadales;f__Xanthomonadaceae;g__Xanthomonas_A;s__	taxonomic classification defined by topology and ANI	classification based on placement in class-level tree	GCF_017163705.1, s__Xanthomonas_A bonasiae, 95.0, 93.69, 0.752; GCF_014236855.1, s__Xanthomonas_A sp014236855, 95.0, 93.37, 0.743; GCF_009769165.1, s__Xanthomonas_A hyacinthi, 95.0, 92.88, 0.643; GCF_025666195.1, s__Xanthomonas_A sp025666195, 95.0, 92.51, 0.655; GCF_000331775.1, s__Xanthomonas_A translucens, 95.0, 92.49, 0.599; GCF_025665335.1, s__Xanthomonas_A sp025665335, 95.0, 92.15, 0.649; GCF_006838285.1, s__Xanthomonas_A translucens_C, 95.0, 91.79, 0.604; GCF_014236795.1, s__Xanthomonas_A theicola, 95.0, 90.6, 0.486; GCF_017163755.1, s__Xanthomonas_A sp017163755, 95.0, 89.96, 0.486; GCF_024266585.1, s__Xanthomonas_A sacchari_C, 95.0, 89.44, 0.481; GCF_022669045.1, s__Xanthomonas_A indica, 95.0, 89.4, 0.482; GCF_014199795.1, s__Xanthomonas_A sp014199795, 95.0, 89.38, 0.474; GCF_002940085.1, s__Xanthomonas_A sacchari, 95.0, 89.2, 0.489; GCF_001043115.1, s__Xanthomonas_A sp001043115, 95.0, 89.12, 0.47; GCA_008119715.3, s__Xanthomonas_A sontii, 95.0, 89.03, 0.471; GCF_002939705.1, s__Xanthomonas_A albilineans, 95.0, 85.42, 0.178; GCF_000963005.1, s__Xanthomonas_A sp000963005, 95.0, 85.04, 0.171	63.48	11	0.99727	Genome not assigned to closest species as it falls outside its pre-defined ANI radius
Green_AK.bin.3	d__Bacteria;p__Bacteroidota;c__Bacteroidia;o__Sphingobacteriales;f__Sphingobacteriaceae;g__Mucilaginibacter_A;s__	N/A	N/A	N/A	N/A	N/A	GCF_937859865.1	95.0	d__Bacteria;p__Bacteroidota;c__Bacteroidia;o__Sphingobacteriales;f__Sphingobacteriaceae;g__Mucilaginibacter_A;s__Mucilaginibacter_A sp937859865	87.34	0.179	d__Bacteria;p__Bacteroidota;c__Bacteroidia;o__Sphingobacteriales;f__Sphingobacteriaceae;g__Mucilaginibacter_A;s__	taxonomic classification defined by topology and ANI	classification based on placement in class-level tree	N/A	48.66	11	0.97691	N/A
Green_AK.bin.4	d__Bacteria;p__Pseudomonadota;c__Alphaproteobacteria;o__Acetobacterales;f__Acetobacteraceae;g__Acidocella;s__	N/A	N/A	N/A	N/A	N/A	N/A	N/A	N/A	N/A	N/A	d__Bacteria;p__Pseudomonadota;c__Alphaproteobacteria;o__Acetobacterales;f__Acetobacteraceae;g__Acidocella;s__	taxonomic classification fully defined by topology	classification based on placement in class-level tree	N/A	64.55	11	0.9657	N/A
Green_AK.bin.5	d__Bacteria;p__Acidobacteriota;c__Terriglobia;o__Terriglobales;f__Acidobacteriaceae;g__EB88;s__	N/A	N/A	N/A	N/A	N/A	N/A	N/A	N/A	N/A	N/A	d__Bacteria;p__Acidobacteriota;c__Terriglobia;o__Terriglobales;f__Acidobacteriaceae;g__EB88;s__	taxonomic novelty determined using RED	classification based on placement in class-level tree	N/A	89.2	11	0.90324	N/A
Green_AK.bin.6	d__Bacteria;p__Eremiobacterota;c__Eremiobacteria;o__Baltobacterales;f__Baltobacteraceae;g__Velthaea;s__	N/A	N/A	N/A	N/A	N/A	N/A	N/A	N/A	N/A	N/A	d__Bacteria;p__Eremiobacterota;c__Eremiobacteria;o__Baltobacterales;f__Baltobacteraceae;g__Velthaea;s__	taxonomic novelty determined using RED	classification based on placement in class-level tree	N/A	54.88	11	0.91702	N/A
Green_AK.bin.8	d__Bacteria;p__Pseudomonadota;c__Alphaproteobacteria;o__Rhizobiales;f__Rhizobiaceae;g__Rhizobium;s__Rhizobium rhododendri	GCF_007000325.2	95.0	d__Bacteria;p__Pseudomonadota;c__Alphaproteobacteria;o__Rhizobiales;f__Rhizobiaceae;g__Rhizobium;s__Rhizobium rhododendri	97.25	0.904	N/A	N/A	N/A	N/A	N/A	N/A	ani_screen	classification based on ANI only	GCF_003240565.2, s__Rhizobium tumorigenes, 95.0, 94.08, 0.827	N/A	N/A	N/A	N/A
Green_AM.bin.2	d__Bacteria;p__Acidobacteriota;c__Terriglobia;o__Terriglobales;f__Acidobacteriaceae;g__;s__	N/A	N/A	N/A	N/A	N/A	N/A	N/A	N/A	N/A	N/A	d__Bacteria;p__Acidobacteriota;c__Terriglobia;o__Terriglobales;f__Acidobacteriaceae;g__;s__	taxonomic novelty determined using RED	classification based on placement in class-level tree	N/A	46.91	11	0.894	N/A
Green_AM.bin.3	d__Bacteria;p__Cyanobacteriota;c__Cyanobacteriia;o__Cyanobacteriales;f__Nostocaceae;g__;s__	N/A	N/A	N/A	N/A	N/A	N/A	N/A	N/A	N/A	N/A	d__Bacteria;p__Cyanobacteriota;c__Cyanobacteriia;o__Cyanobacteriales;f__Nostocaceae;g__;s__	taxonomic classification fully defined by topology	classification based on placement in class-level tree	N/A	76.78	11	0.88598	N/A
Green_AO.bin.1	d__Bacteria;p__Actinomycetota;c__Actinomycetes;o__Actinomycetales;f__Microbacteriaceae;g__Pseudolysinimonas;s__	N/A	N/A	N/A	N/A	N/A	N/A	N/A	N/A	N/A	N/A	d__Bacteria;p__Actinomycetota;c__Actinomycetes;o__Actinomycetales;f__Microbacteriaceae;g__Pseudolysinimonas;s__	taxonomic classification fully defined by topology	classification based on placement in class-level tree	N/A	67.75	11	0.98058	N/A
Green_AO.bin.2	d__Bacteria;p__Pseudomonadota;c__Alphaproteobacteria;o__Sphingomonadales;f__Sphingomonadaceae;g__Sphingomonas;s__	N/A	N/A	N/A	N/A	N/A	N/A	N/A	N/A	N/A	N/A	d__Bacteria;p__Pseudomonadota;c__Alphaproteobacteria;o__Sphingomonadales;f__Sphingomonadaceae;g__Sphingomonas;s__	taxonomic classification fully defined by topology	classification based on placement in class-level tree	N/A	30.17	11	0.95298	Genome has more than 10.8% of markers with multiple hits
Green_AO.bin.3	d__Bacteria;p__Actinomycetota;c__Actinomycetes;o__Mycobacteriales;f__Jatrophihabitantaceae;g__Jatrophihabitans_A;s__	N/A	N/A	N/A	N/A	N/A	N/A	N/A	N/A	N/A	N/A	d__Bacteria;p__Actinomycetota;c__Actinomycetes;o__Mycobacteriales;f__Jatrophihabitantaceae;g__Jatrophihabitans_A;s__	taxonomic classification fully defined by topology	classification based on placement in class-level tree	N/A	87.57	11	0.96292	N/A
Green_AO.bin.4	d__Bacteria;p__Cyanobacteriota;c__Cyanobacteriia;o__Cyanobacteriales;f__Microcoleaceae;g__Microcoleus;s__Microcoleus sp000317475	GCF_000317475.1	95.0	d__Bacteria;p__Cyanobacteriota;c__Cyanobacteriia;o__Cyanobacteriales;f__Microcoleaceae;g__Microcoleus;s__Microcoleus sp000317475	95.8	0.783	N/A	N/A	N/A	N/A	N/A	N/A	ani_screen	classification based on ANI only	GCF_015207285.1, s__Microcoleus sp015207285, 95.0, 87.84, 0.352; GCA_003003725.1, s__Microcoleus sp003003725, 95.0, 87.37, 0.324; GCF_026130175.1, s__Microcoleus sp026130175, 95.0, 87.98, 0.375; GCA_003542015.1, s__Microcoleus sp003542015, 95.0, 85.17, 0.201; GCA_014695175.1, s__Microcoleus sp014695175, 95.0, 93.61, 0.64; GCF_013179805.1, s__Microcoleus asticus, 95.0, 92.8, 0.652; GCA_022701275.1, s__Microcoleus vaginatus_A, 95.0, 93.55, 0.65; GCA_949127775.1, s__Microcoleus sp949127775, 95.0, 86.32, 0.266; GCF_015207505.1, s__Microcoleus sp015207505, 95.0, 87.85, 0.362; GCA_004292955.1, s__Microcoleus sp004292955, 95.0, 87.1, 0.312; GCA_014695295.1, s__Microcoleus sp014695295, 95.0, 92.63, 0.616; GCF_013299165.1, s__Microcoleus sp013299165, 95.0, 86.52, 0.289; GCF_013299185.1, s__Microcoleus sp013299185, 95.0, 86.94, 0.298; GCA_022701255.1, s__Microcoleus vaginatus_B, 95.0, 93.03, 0.629; GCA_026786085.1, s__Microcoleus sp026786085, 95.0, 87.05, 0.299; GCA_025937335.1, s__Microcoleus sp025937335, 95.0, 92.8, 0.57; GCA_025362325.1, s__Microcoleus sp025362325, 95.0, 88.35, 0.38; GCF_015207455.1, s__Microcoleus sp015207455, 95.0, 87.69, 0.347; GCA_030248405.1, s__Microcoleus sp030248405, 95.0, 92.16, 0.506; GCA_004293365.1, s__Microcoleus sp004293365, 95.0, 87.43, 0.331	N/A	N/A	N/A	N/A
Green_AO.bin.5	d__Bacteria;p__Pseudomonadota;c__Alphaproteobacteria;o__Sphingomonadales;f__Sphingomonadaceae;g__Sphingomonas_N;s__	N/A	N/A	N/A	N/A	N/A	N/A	N/A	N/A	N/A	N/A	d__Bacteria;p__Pseudomonadota;c__Alphaproteobacteria;o__Sphingomonadales;f__Sphingomonadaceae;g__Sphingomonas_N;s__	taxonomic classification fully defined by topology	classification based on placement in class-level tree	N/A	66.06	11	0.94243	N/A
Green_AP.bin.1	d__Bacteria;p__Pseudomonadota;c__Alphaproteobacteria;o__Rhizobiales;f__Rhizobiaceae;g__Rhizobium;s__	N/A	N/A	N/A	N/A	N/A	N/A	N/A	N/A	N/A	N/A	d__Bacteria;p__Pseudomonadota;c__Alphaproteobacteria;o__Rhizobiales;f__Rhizobiaceae;g__Rhizobium;s__	taxonomic classification defined by topology and ANI	classification based on placement in class-level tree	GCF_003240565.2, s__Rhizobium tumorigenes, 95.0, 86.38, 0.496; GCF_007000325.2, s__Rhizobium rhododendri, 95.0, 86.38, 0.486	74.88	11	0.99536	N/A
Green_AP.bin.10	d__Bacteria;p__Pseudomonadota;c__Alphaproteobacteria;o__Sphingomonadales;f__Sphingomonadaceae;g__Sphingomonas;s__	N/A	N/A	N/A	N/A	N/A	GCF_000241485.1	95.0	d__Bacteria;p__Pseudomonadota;c__Alphaproteobacteria;o__Sphingomonadales;f__Sphingomonadaceae;g__Sphingomonas;s__Sphingomonas sp000241485	91.32	0.676	d__Bacteria;p__Pseudomonadota;c__Alphaproteobacteria;o__Sphingomonadales;f__Sphingomonadaceae;g__Sphingomonas;s__	taxonomic classification defined by topology and ANI	classification based on placement in class-level tree	GCF_014653575.1, s__Sphingomonas glacialis, 95.0, 89.61, 0.559; GCF_006439055.1, s__Sphingomonas glacialis_A, 95.0, 89.52, 0.621; GCF_022662475.1, s__Sphingomonas sp022662475, 95.0, 83.95, 0.159; GCF_000251145.1, s__Sphingomonas sp000251145, 95.0, 83.83, 0.17; GCF_000241465.1, s__Sphingomonas echinoides, 95.0, 83.76, 0.178; GCF_000797515.1, s__Sphingomonas sp000797515, 95.0, 83.64, 0.16	47.92	11	0.99667	Genome not assigned to closest species as it falls outside its pre-defined ANI radius
Green_AP.bin.11	d__Bacteria;p__Acidobacteriota;c__Terriglobia;o__Terriglobales;f__Acidobacteriaceae;g__Granulicella_C;s__	N/A	N/A	N/A	N/A	N/A	N/A	N/A	N/A	N/A	N/A	d__Bacteria;p__Acidobacteriota;c__Terriglobia;o__Terriglobales;f__Acidobacteriaceae;g__Granulicella_C;s__	taxonomic classification fully defined by topology	classification based on placement in class-level tree	N/A	90.41	11	0.97458	N/A
Green_AP.bin.12	d__Bacteria;p__Pseudomonadota;c__Alphaproteobacteria;o__Acetobacterales;f__Acetobacteraceae;g__Lichenicola;s__	N/A	N/A	N/A	N/A	N/A	GCA_903844135.1	95.0	d__Bacteria;p__Pseudomonadota;c__Alphaproteobacteria;o__Acetobacterales;f__Acetobacteraceae;g__Lichenicola;s__Lichenicola sp903844135	86.7	0.49	d__Bacteria;p__Pseudomonadota;c__Alphaproteobacteria;o__Acetobacterales;f__Acetobacteraceae;g__Lichenicola;s__	taxonomic classification defined by topology and ANI	classification based on placement in class-level tree	GCA_937873225.1, s__Lichenicola sp937873225, 95.0, 82.3, 0.188	90.74	11	0.97996	N/A
Green_AP.bin.13	d__Bacteria;p__Pseudomonadota;c__Alphaproteobacteria;o__Rhizobiales;f__Beijerinckiaceae;g__Lichenihabitans;s__	N/A	N/A	N/A	N/A	N/A	N/A	N/A	N/A	N/A	N/A	d__Bacteria;p__Pseudomonadota;c__Alphaproteobacteria;o__Rhizobiales;f__Beijerinckiaceae;g__Lichenihabitans;s__	taxonomic classification defined by topology and ANI	classification based on placement in class-level tree	GCF_004137085.1, s__Lichenihabitans ramalinae, 95.0, 85.85, 0.227; GCF_004137685.1, s__Lichenihabitans minor, 95.0, 85.15, 0.164	57.26	11	0.97523	N/A
Green_AP.bin.14	d__Bacteria;p__Bacteroidota;c__Bacteroidia;o__Cytophagales;f__Hymenobacteraceae;g__Hymenobacter;s__	N/A	N/A	N/A	N/A	N/A	N/A	N/A	N/A	N/A	N/A	d__Bacteria;p__Bacteroidota;c__Bacteroidia;o__Cytophagales;f__Hymenobacteraceae;g__Hymenobacter;s__	taxonomic classification defined by topology and ANI	classification based on placement in class-level tree	GCF_004684095.1, s__Hymenobacter sp004684095, 95.0, 88.38, 0.536; GCA_001596155.1, s__Hymenobacter sp001596155, 95.0, 87.64, 0.469; GCF_030581075.1, s__Hymenobacter sp030581075, 95.0, 85.08, 0.378; GCF_020012125.1, s__Hymenobacter psoromatis, 95.0, 84.74, 0.357; GCF_030063445.1, s__Hymenobacter sp030063445, 95.0, 84.39, 0.305; GCF_013256625.1, s__Hymenobacter sp013256625, 95.0, 84.28, 0.375; GCF_017571525.1, s__Hymenobacter sp017571525, 95.0, 83.41, 0.329; GCA_913776615.1, s__Hymenobacter sp913776615, 95.0, 82.61, 0.227; GCF_008728635.1, s__Hymenobacter baengnokdamensis, 95.0, 82.45, 0.257; GCA_913778455.1, s__Hymenobacter sp913778455, 95.0, 82.42, 0.209; GCF_013256425.1, s__Hymenobacter sp013256425, 95.0, 81.76, 0.242; GCF_012927305.1, s__Hymenobacter polaris, 95.0, 81.64, 0.177; GCF_009755225.1, s__Hymenobacter ginkgonis, 95.0, 81.56, 0.192	93.57	11	0.99215	Genome not assigned to closest species as it falls outside its pre-defined ANI radius
Green_AP.bin.2	d__Bacteria;p__Pseudomonadota;c__Gammaproteobacteria;o__Xanthomonadales;f__Rhodanobacteraceae;g__Rhodanobacter;s__	N/A	N/A	N/A	N/A	N/A	N/A	N/A	N/A	N/A	N/A	d__Bacteria;p__Pseudomonadota;c__Gammaproteobacteria;o__Xanthomonadales;f__Rhodanobacteraceae;g__Rhodanobacter;s__	taxonomic classification defined by topology and ANI	classification based on placement in class-level tree	GCA_903827735.1, s__Rhodanobacter sp903827735, 95.0, 90.72, 0.534; GCF_014200755.1, s__Rhodanobacter sp014200755, 95.0, 89.99, 0.613; GCF_014207185.1, s__Rhodanobacter sp014207185, 95.0, 85.32, 0.329	73.74	11	0.99605	Genome not assigned to closest species as it falls outside its pre-defined ANI radius
Green_AP.bin.3	d__Bacteria;p__Pseudomonadota;c__Alphaproteobacteria;o__Rhizobiales;f__Beijerinckiaceae;g__Methylobacterium;s__	N/A	N/A	N/A	N/A	N/A	GCF_022179125.1	95.0	d__Bacteria;p__Pseudomonadota;c__Alphaproteobacteria;o__Rhizobiales;f__Beijerinckiaceae;g__Methylobacterium;s__Methylobacterium cerastii	89.83	0.537	d__Bacteria;p__Pseudomonadota;c__Alphaproteobacteria;o__Rhizobiales;f__Beijerinckiaceae;g__Methylobacterium;s__	taxonomic classification defined by topology and ANI	classification based on placement in class-level tree	GCF_008039875.1, s__Methylobacterium sp008039875, 95.0, 89.6, 0.564; GCF_022179685.1, s__Methylobacterium trifolii, 95.0, 84.57, 0.182; GCF_902141855.1, s__Methylobacterium dankookense, 95.0, 84.07, 0.155	70.9	11	0.99705	Genome not assigned to closest species as it falls outside its pre-defined ANI radius
Green_AP.bin.4	d__Bacteria;p__Pseudomonadota;c__Alphaproteobacteria;o__Rhizobiales;f__Beijerinckiaceae;g__RH-AL1;s__	N/A	N/A	N/A	N/A	N/A	GCA_901457705.2	95.0	d__Bacteria;p__Pseudomonadota;c__Alphaproteobacteria;o__Rhizobiales;f__Beijerinckiaceae;g__RH-AL1;s__RH-AL1 sp901457705	88.7	0.548	d__Bacteria;p__Pseudomonadota;c__Alphaproteobacteria;o__Rhizobiales;f__Beijerinckiaceae;g__RH-AL1;s__	taxonomic classification defined by topology and ANI	classification based on placement in class-level tree	N/A	67.39	11	0.99076	Genome not assigned to closest species as it falls outside its pre-defined ANI radius
Green_AP.bin.5	d__Bacteria;p__Actinomycetota;c__Actinomycetes;o__Mycobacteriales;f__Nakamurellaceae;g__Nakamurella;s__	N/A	N/A	N/A	N/A	N/A	GCF_014303395.1	95.0	d__Bacteria;p__Actinomycetota;c__Actinomycetes;o__Mycobacteriales;f__Nakamurellaceae;g__Nakamurella;s__Nakamurella sp014303395	87.33	0.214	d__Bacteria;p__Actinomycetota;c__Actinomycetes;o__Mycobacteriales;f__Nakamurellaceae;g__Nakamurella;s__	taxonomic classification defined by topology and ANI	classification based on placement in class-level tree	N/A	60.28	11	0.97889	N/A
Green_AP.bin.6	d__Bacteria;p__Pseudomonadota;c__Alphaproteobacteria;o__Caulobacterales;f__Caulobacteraceae;g__JASLDZ01;s__	N/A	N/A	N/A	N/A	N/A	GCA_030151985.1	95.0	d__Bacteria;p__Pseudomonadota;c__Alphaproteobacteria;o__Caulobacterales;f__Caulobacteraceae;g__JASLDZ01;s__JASLDZ01 sp030151985	88.82	0.224	d__Bacteria;p__Pseudomonadota;c__Alphaproteobacteria;o__Caulobacterales;f__Caulobacteraceae;g__JASLDZ01;s__	taxonomic classification defined by topology and ANI	classification based on placement in class-level tree	N/A	44.65	11	0.98449	N/A
Green_AP.bin.7	d__Bacteria;p__Acidobacteriota;c__Terriglobia;o__Terriglobales;f__Acidobacteriaceae;g__Granulicella_B;s__	N/A	N/A	N/A	N/A	N/A	N/A	N/A	N/A	N/A	N/A	d__Bacteria;p__Acidobacteriota;c__Terriglobia;o__Terriglobales;f__Acidobacteriaceae;g__Granulicella_B;s__	taxonomic classification fully defined by topology	classification based on placement in class-level tree	N/A	72.65	11	0.96799	N/A
Green_AP.bin.8	d__Bacteria;p__Pseudomonadota;c__Alphaproteobacteria;o__Sphingomonadales;f__Sphingomonadaceae;g__Sphingomonas;s__	N/A	N/A	N/A	N/A	N/A	N/A	N/A	N/A	N/A	N/A	d__Bacteria;p__Pseudomonadota;c__Alphaproteobacteria;o__Sphingomonadales;f__Sphingomonadaceae;g__Sphingomonas;s__	taxonomic classification defined by topology and ANI	classification based on placement in class-level tree	GCF_004216825.1, s__Sphingomonas sp004216825, 95.0, 90.75, 0.512; GCF_003050705.1, s__Sphingomonas aurantiaca, 95.0, 90.61, 0.511; GCF_001421805.1, s__Sphingomonas sp001421805, 95.0, 90.17, 0.488; GCF_003688625.1, s__Sphingomonas sp003688625, 95.0, 89.15, 0.582; GCF_001422045.1, s__Sphingomonas sp001422045, 95.0, 89.02, 0.577; GCF_001424005.1, s__Sphingomonas sp001424005, 95.0, 89.0, 0.593; GCF_004341085.1, s__Sphingomonas sp004341085, 95.0, 88.94, 0.595; GCF_003688595.1, s__Sphingomonas sp003688595, 95.0, 88.9, 0.588; GCF_013374115.1, s__Sphingomonas sp013374115, 95.0, 88.08, 0.43; GCF_004343105.1, s__Sphingomonas sp004343105, 95.0, 88.03, 0.441; GCF_023195535.1, s__Sphingomonas faeni_B, 95.0, 88.01, 0.414; GCF_004101245.1, s__Sphingomonas sp004101245, 95.0, 88.0, 0.446; GCF_024273235.1, s__Sphingomonas faeni_A, 95.0, 87.97, 0.44; GCF_004340945.1, s__Sphingomonas sp004340945, 95.0, 87.96, 0.438; GCF_014358075.1, s__Sphingomonas albertensis, 95.0, 87.61, 0.447; GCF_900115295.1, s__Sphingomonas sp900115295, 95.0, 87.55, 0.431; GCF_004795835.1, s__Sphingomonas sp004795835, 95.0, 87.39, 0.418; GCA_942636505.2, s__Sphingomonas sp942636505, 95.0, 87.39, 0.406; GCF_024124765.2, s__Sphingomonas sp024124765, 95.0, 87.3, 0.414; GCA_021154945.1, s__Sphingomonas sp021154945, 95.0, 87.29, 0.365; GCA_003240625.1, s__Sphingomonas taxi_A, 95.0, 87.28, 0.363; GCF_001421415.1, s__Sphingomonas sp001421415, 95.0, 87.27, 0.423; GCF_030817315.1, s__Sphingomonas faeni_C, 95.0, 87.27, 0.374; GCF_014841895.1, s__Sphingomonas sp014841895, 95.0, 87.24, 0.408; GCF_003610375.1, s__Sphingomonas sp003610375, 95.0, 87.24, 0.408; GCF_014892665.1, s__Sphingomonas sp014892665, 95.0, 87.23, 0.414; GCF_003050745.1, s__Sphingomonas sp003050745, 95.0, 87.21, 0.419; GCF_001421745.1, s__Sphingomonas sp001421745, 95.0, 87.19, 0.407; GCF_003053745.1, s__Sphingomonas faeni, 95.0, 87.09, 0.417; GCF_004340965.1, s__Sphingomonas sp004340965, 95.0, 86.94, 0.409; GCF_001421535.1, s__Sphingomonas sp001421535, 95.0, 86.15, 0.272; GCF_003046295.1, s__Sphingomonas aerolata, 95.0, 85.75, 0.275; GCF_007995065.1, s__Sphingomonas ginsenosidivorax, 95.0, 83.88, 0.202	57.42	11	0.99158	Genome not assigned to closest species as it falls outside its pre-defined ANI radius
Green_AP.bin.9	d__Bacteria;p__Actinomycetota;c__Actinomycetes;o__Actinomycetales;f__Microbacteriaceae;g__Frondihabitans;s__Frondihabitans sp002074055	GCF_002074055.1	95.0	d__Bacteria;p__Actinomycetota;c__Actinomycetes;o__Actinomycetales;f__Microbacteriaceae;g__Frondihabitans;s__Frondihabitans sp002074055	97.79	0.912	N/A	N/A	N/A	N/A	N/A	N/A	ani_screen	classification based on ANI only	GCF_003634555.1, s__Frondihabitans australicus, 95.0, 85.1, 0.159	N/A	N/A	N/A	N/A
Green_K.bin.1	d__Bacteria;p__Acidobacteriota;c__Terriglobia;o__Terriglobales;f__Acidobacteriaceae;g__Terriglobus;s__	N/A	N/A	N/A	N/A	N/A	N/A	N/A	N/A	N/A	N/A	d__Bacteria;p__Acidobacteriota;c__Terriglobia;o__Terriglobales;f__Acidobacteriaceae;g__Terriglobus;s__	taxonomic classification fully defined by topology	classification based on placement in class-level tree	N/A	71.58	11	0.97782	N/A
Green_K.bin.2	d__Bacteria;p__Acidobacteriota;c__Terriglobia;o__Terriglobales;f__Acidobacteriaceae;g__Granulicella;s__	N/A	N/A	N/A	N/A	N/A	GCF_025685545.1	95.0	d__Bacteria;p__Acidobacteriota;c__Terriglobia;o__Terriglobales;f__Acidobacteriaceae;g__Granulicella;s__Granulicella paludicola	87.8	0.342	d__Bacteria;p__Acidobacteriota;c__Terriglobia;o__Terriglobales;f__Acidobacteriaceae;g__Granulicella;s__	taxonomic classification defined by topology and ANI	classification based on placement in class-level tree	N/A	46.53	11	0.9899	Genome has more than 12.5% of markers with multiple hits
Green_K.bin.3	d__Bacteria;p__Pseudomonadota;c__Alphaproteobacteria;o__Rhizobiales;f__Beijerinckiaceae;g__RH-AL1;s__	N/A	N/A	N/A	N/A	N/A	N/A	N/A	N/A	N/A	N/A	d__Bacteria;p__Pseudomonadota;c__Alphaproteobacteria;o__Rhizobiales;f__Beijerinckiaceae;g__RH-AL1;s__	taxonomic classification fully defined by topology	classification based on placement in class-level tree	N/A	33.76	11	0.9623	N/A
Green_K.bin.4	d__Bacteria;p__Verrucomicrobiota;c__Verrucomicrobiae;o__Chthoniobacterales;f__SZAS-18;g__CAHJWO01;s__	N/A	N/A	N/A	N/A	N/A	N/A	N/A	N/A	N/A	N/A	d__Bacteria;p__Verrucomicrobiota;c__Verrucomicrobiae;o__Chthoniobacterales;f__SZAS-18;g__CAHJWO01;s__	taxonomic classification fully defined by topology	classification based on placement in class-level tree	N/A	46.36	11	0.95679	N/A
Green_M.bin.1	d__Bacteria;p__Acidobacteriota;c__Terriglobia;o__Terriglobales;f__Acidobacteriaceae;g__;s__	N/A	N/A	N/A	N/A	N/A	N/A	N/A	N/A	N/A	N/A	d__Bacteria;p__Acidobacteriota;c__Terriglobia;o__Terriglobales;f__Acidobacteriaceae;g__;s__	taxonomic novelty determined using RED	classification based on placement in class-level tree	N/A	68.5	11	0.87931	N/A
Green_M.bin.2	d__Bacteria;p__Chloroflexota;c__Ktedonobacteria;o__Ktedonobacterales;f__Ktedonobacteraceae;g__JACDAE01;s__	N/A	N/A	N/A	N/A	N/A	GCA_013695595.1	95.0	d__Bacteria;p__Chloroflexota;c__Ktedonobacteria;o__Ktedonobacterales;f__Ktedonobacteraceae;g__JACDAE01;s__JACDAE01 sp013695595	92.63	0.479	d__Bacteria;p__Chloroflexota;c__Ktedonobacteria;o__Ktedonobacterales;f__Ktedonobacteraceae;g__JACDAE01;s__	taxonomic classification defined by topology and ANI	classification based on placement in class-level tree	N/A	58.35	11	0.99231	N/A
Green_N.bin.2	d__Bacteria;p__Pseudomonadota;c__Alphaproteobacteria;o__Acetobacterales;f__Acetobacteraceae;g__BOG-908;s__	N/A	N/A	N/A	N/A	N/A	N/A	N/A	N/A	N/A	N/A	d__Bacteria;p__Pseudomonadota;c__Alphaproteobacteria;o__Acetobacterales;f__Acetobacteraceae;g__BOG-908;s__	taxonomic novelty determined using RED	classification based on placement in class-level tree	N/A	85.58	11	0.91632	N/A
Green_N.bin.3	d__Bacteria;p__Pseudomonadota;c__Gammaproteobacteria;o__Enterobacterales;f__Enterobacteriaceae_A;g__Buchnera;s__	N/A	N/A	N/A	N/A	N/A	N/A	N/A	N/A	N/A	N/A	d__Bacteria;p__Pseudomonadota;c__Gammaproteobacteria;o__Enterobacterales;f__Enterobacteriaceae_A;g__Buchnera;s__	taxonomic classification defined by topology and ANI	classification based on placement in class-level tree	GCF_005083565.1, s__Buchnera aphidicola_AH, 95.0, 86.56, 0.263; GCA_011752475.1, s__Buchnera aphidicola_BG, 95.0, 86.28, 0.228; GCF_005081705.1, s__Buchnera aphidicola_Y, 95.0, 86.18, 0.212; GCF_005082365.1, s__Buchnera aphidicola_AR, 95.0, 86.14, 0.157; GCF_005082585.1, s__Buchnera aphidicola_Z, 95.0, 86.07, 0.206; GCF_005081945.1, s__Buchnera aphidicola_AN, 95.0, 85.95, 0.207; GCF_000521565.1, s__Buchnera aphidicola_C, 95.0, 85.85, 0.199; GCF_005237295.1, s__Buchnera aphidicola_AP, 95.0, 85.84, 0.249; GCF_005082825.1, s__Buchnera aphidicola_AK, 95.0, 85.83, 0.161; GCF_005080965.1, s__Buchnera aphidicola_S, 95.0, 85.73, 0.21; GCF_000009605.1, s__Buchnera aphidicola_I, 95.0, 85.7, 0.169; GCF_000225445.1, s__Buchnera aphidicola_A, 95.0, 85.36, 0.184	50.53	11	0.94808	N/A
Green_N.bin.4	d__Bacteria;p__Verrucomicrobiota;c__Verrucomicrobiae;o__Chthoniobacterales;f__SZAS-18;g__;s__	N/A	N/A	N/A	N/A	N/A	N/A	N/A	N/A	N/A	N/A	d__Bacteria;p__Verrucomicrobiota;c__Verrucomicrobiae;o__Chthoniobacterales;f__SZAS-18;g__;s__	taxonomic novelty determined using RED	classification based on placement in class-level tree	N/A	36.41	11	0.87427	N/A
Green_O.bin.2	d__Bacteria;p__Pseudomonadota;c__Gammaproteobacteria;o__Burkholderiales;f__Burkholderiaceae;g__LMDS01;s__	N/A	N/A	N/A	N/A	N/A	N/A	N/A	N/A	N/A	N/A	d__Bacteria;p__Pseudomonadota;c__Gammaproteobacteria;o__Burkholderiales;f__Burkholderiaceae;g__LMDS01;s__	taxonomic novelty determined using RED	classification based on placement in class-level tree	N/A	42.64	11	0.9536	N/A
Green_P.bin.4	d__Bacteria;p__Pseudomonadota;c__Gammaproteobacteria;o__Burkholderiales;f__Burkholderiaceae;g__LMDS01;s__	N/A	N/A	N/A	N/A	N/A	N/A	N/A	N/A	N/A	N/A	d__Bacteria;p__Pseudomonadota;c__Gammaproteobacteria;o__Burkholderiales;f__Burkholderiaceae;g__LMDS01;s__	taxonomic novelty determined using RED	classification based on placement in class-level tree	N/A	76.48	11	0.95437	N/A
Green_P.bin.6	d__Bacteria;p__Pseudomonadota;c__Alphaproteobacteria;o__Acetobacterales;f__Acetobacteraceae;g__CAHJXG01;s__	N/A	N/A	N/A	N/A	N/A	N/A	N/A	N/A	N/A	N/A	d__Bacteria;p__Pseudomonadota;c__Alphaproteobacteria;o__Acetobacterales;f__Acetobacteraceae;g__CAHJXG01;s__	taxonomic novelty determined using RED	classification based on placement in class-level tree	N/A	91.62	11	0.91251	N/A
Green_P.bin.7	d__Bacteria;p__Acidobacteriota;c__Terriglobia;o__Terriglobales;f__Acidobacteriaceae;g__;s__	N/A	N/A	N/A	N/A	N/A	N/A	N/A	N/A	N/A	N/A	d__Bacteria;p__Acidobacteriota;c__Terriglobia;o__Terriglobales;f__Acidobacteriaceae;g__;s__	taxonomic novelty determined using RED	classification based on placement in class-level tree	N/A	64.51	11	0.87922	N/A
Green_Q.bin.1	d__Bacteria;p__Pseudomonadota;c__Gammaproteobacteria;o__Burkholderiales;f__Burkholderiaceae;g__CAHJXF01;s__	N/A	N/A	N/A	N/A	N/A	N/A	N/A	N/A	N/A	N/A	d__Bacteria;p__Pseudomonadota;c__Gammaproteobacteria;o__Burkholderiales;f__Burkholderiaceae;g__CAHJXF01;s__	taxonomic novelty determined using RED	classification based on placement in class-level tree	N/A	87.25	11	0.91884	N/A
Green_R.bin.1	d__Bacteria;p__Pseudomonadota;c__Alphaproteobacteria;o__Rhizobiales;f__Beijerinckiaceae;g__RH-AL1;s__	N/A	N/A	N/A	N/A	N/A	N/A	N/A	N/A	N/A	N/A	d__Bacteria;p__Pseudomonadota;c__Alphaproteobacteria;o__Rhizobiales;f__Beijerinckiaceae;g__RH-AL1;s__	taxonomic classification fully defined by topology	classification based on placement in class-level tree	N/A	75.85	11	0.96721	N/A
Green_S.bin.2	d__Bacteria;p__Eremiobacterota;c__Eremiobacteria;o__Baltobacterales;f__Baltobacteraceae;g__;s__	N/A	N/A	N/A	N/A	N/A	N/A	N/A	N/A	N/A	N/A	d__Bacteria;p__Eremiobacterota;c__Eremiobacteria;o__Baltobacterales;f__Baltobacteraceae;g__;s__	taxonomic novelty determined using RED	classification based on placement in class-level tree	N/A	84.63	11	0.89267	N/A
Green_T.bin.1	d__Bacteria;p__Pseudomonadota;c__Gammaproteobacteria;o__Burkholderiales;f__Burkholderiaceae;g__Janthinobacterium;s__	N/A	N/A	N/A	N/A	N/A	GCF_000723165.1	95.0	d__Bacteria;p__Pseudomonadota;c__Gammaproteobacteria;o__Burkholderiales;f__Burkholderiaceae;g__Janthinobacterium;s__Janthinobacterium agaricidamnosum	93.54	0.709	d__Bacteria;p__Pseudomonadota;c__Gammaproteobacteria;o__Burkholderiales;f__Burkholderiaceae;g__Janthinobacterium;s__	taxonomic classification defined by topology and ANI	classification based on placement in class-level tree	GCF_014200675.1, s__Janthinobacterium sp014200675, 95.0, 87.11, 0.161; GCF_014200725.1, s__Janthinobacterium sp014200725, 95.0, 87.11, 0.153	62.34	11	0.992	Genome not assigned to closest species as it falls outside its pre-defined ANI radius
Green_T.bin.3	d__Bacteria;p__Pseudomonadota;c__Gammaproteobacteria;o__Steroidobacterales;f__Steroidobacteraceae;g__Bog-1198;s__	N/A	N/A	N/A	N/A	N/A	N/A	N/A	N/A	N/A	N/A	d__Bacteria;p__Pseudomonadota;c__Gammaproteobacteria;o__Steroidobacterales;f__Steroidobacteraceae;g__Bog-1198;s__	taxonomic classification fully defined by topology	classification based on placement in class-level tree	N/A	89.14	11	0.97227	N/A
Green_T.bin.4	d__Bacteria;p__Pseudomonadota;c__Alphaproteobacteria;o__Acetobacterales;f__Acetobacteraceae;g__LMUY01;s__	N/A	N/A	N/A	N/A	N/A	N/A	N/A	N/A	N/A	N/A	d__Bacteria;p__Pseudomonadota;c__Alphaproteobacteria;o__Acetobacterales;f__Acetobacteraceae;g__LMUY01;s__	taxonomic novelty determined using RED	classification based on placement in class-level tree	N/A	75.11	11	0.95009	N/A
Green_T.bin.6	d__Bacteria;p__Pseudomonadota;c__Gammaproteobacteria;o__Burkholderiales;f__Burkholderiaceae;g__LMDS01;s__	N/A	N/A	N/A	N/A	N/A	N/A	N/A	N/A	N/A	N/A	d__Bacteria;p__Pseudomonadota;c__Gammaproteobacteria;o__Burkholderiales;f__Burkholderiaceae;g__LMDS01;s__	taxonomic novelty determined using RED	classification based on placement in class-level tree	N/A	74.64	11	0.9546	N/A
Green_T.bin.8	d__Bacteria;p__Actinomycetota;c__Thermoleophilia;o__Solirubrobacterales;f__Solirubrobacteraceae;g__Palsa-465;s__	N/A	N/A	N/A	N/A	N/A	N/A	N/A	N/A	N/A	N/A	d__Bacteria;p__Actinomycetota;c__Thermoleophilia;o__Solirubrobacterales;f__Solirubrobacteraceae;g__Palsa-465;s__	taxonomic classification fully defined by topology	classification based on placement in class-level tree	N/A	73.82	11	0.95945	N/A
Green_U.bin.3	d__Bacteria;p__Actinomycetota;c__Thermoleophilia;o__Solirubrobacterales;f__Solirubrobacteraceae;g__Palsa-465;s__	N/A	N/A	N/A	N/A	N/A	N/A	N/A	N/A	N/A	N/A	d__Bacteria;p__Actinomycetota;c__Thermoleophilia;o__Solirubrobacterales;f__Solirubrobacteraceae;g__Palsa-465;s__	taxonomic classification fully defined by topology	classification based on placement in class-level tree	N/A	66.14	11	0.95543	N/A
Green_V.bin.10	d__Bacteria;p__Pseudomonadota;c__Alphaproteobacteria;o__Caulobacterales;f__Caulobacteraceae;g__CAIOYC01;s__	N/A	N/A	N/A	N/A	N/A	N/A	N/A	N/A	N/A	N/A	d__Bacteria;p__Pseudomonadota;c__Alphaproteobacteria;o__Caulobacterales;f__Caulobacteraceae;g__CAIOYC01;s__	taxonomic classification fully defined by topology	classification based on placement in class-level tree	N/A	42.22	11	0.96372	N/A
Green_V.bin.11	d__Bacteria;p__Actinomycetota;c__Thermoleophilia;o__Solirubrobacterales;f__Solirubrobacteraceae;g__Palsa-465;s__	N/A	N/A	N/A	N/A	N/A	N/A	N/A	N/A	N/A	N/A	d__Bacteria;p__Actinomycetota;c__Thermoleophilia;o__Solirubrobacterales;f__Solirubrobacteraceae;g__Palsa-465;s__	taxonomic classification fully defined by topology	classification based on placement in class-level tree	N/A	40.87	11	0.95604	N/A
Green_V.bin.2	d__Bacteria;p__Pseudomonadota;c__Gammaproteobacteria;o__Steroidobacterales;f__Steroidobacteraceae;g__Bog-1198;s__	N/A	N/A	N/A	N/A	N/A	N/A	N/A	N/A	N/A	N/A	d__Bacteria;p__Pseudomonadota;c__Gammaproteobacteria;o__Steroidobacterales;f__Steroidobacteraceae;g__Bog-1198;s__	taxonomic classification fully defined by topology	classification based on placement in class-level tree	N/A	42.96	11	0.97472	N/A
Green_V.bin.3	d__Bacteria;p__Acidobacteriota;c__Terriglobia;o__Terriglobales;f__Acidobacteriaceae;g__Granulicella;s__Granulicella sp903970445	GCA_903970445.1	95.0	d__Bacteria;p__Acidobacteriota;c__Terriglobia;o__Terriglobales;f__Acidobacteriaceae;g__Granulicella;s__Granulicella sp903970445	97.81	0.884	N/A	N/A	N/A	N/A	N/A	N/A	ani_screen	classification based on ANI only	N/A	N/A	N/A	N/A	N/A
Green_V.bin.4	d__Bacteria;p__Acidobacteriota;c__Terriglobia;o__Bryobacterales;f__Bryobacteraceae;g__Bog-105;s__	N/A	N/A	N/A	N/A	N/A	N/A	N/A	N/A	N/A	N/A	d__Bacteria;p__Acidobacteriota;c__Terriglobia;o__Bryobacterales;f__Bryobacteraceae;g__Bog-105;s__	taxonomic classification fully defined by topology	classification based on placement in class-level tree	N/A	56.25	11	0.97002	N/A
Green_V.bin.5	d__Bacteria;p__Actinomycetota;c__Thermoleophilia;o__Solirubrobacterales;f__Solirubrobacteraceae;g__Palsa-465;s__	N/A	N/A	N/A	N/A	N/A	N/A	N/A	N/A	N/A	N/A	d__Bacteria;p__Actinomycetota;c__Thermoleophilia;o__Solirubrobacterales;f__Solirubrobacteraceae;g__Palsa-465;s__	taxonomic classification fully defined by topology	classification based on placement in class-level tree	N/A	83.75	11	0.94907	N/A
Green_V.bin.8	d__Bacteria;p__Pseudomonadota;c__Alphaproteobacteria;o__Acetobacterales;f__Acetobacteraceae;g__;s__	N/A	N/A	N/A	N/A	N/A	N/A	N/A	N/A	N/A	N/A	d__Bacteria;p__Pseudomonadota;c__Alphaproteobacteria;o__Acetobacterales;f__Acetobacteraceae;g__;s__	taxonomic novelty determined using RED	classification based on placement in class-level tree	N/A	35.11	11	0.90239	N/A
Green_W.bin.2	d__Bacteria;p__Cyanobacteriota;c__Cyanobacteriia;o__Cyanobacteriales;f__Nostocaceae;g__Nostoc;s__	N/A	N/A	N/A	N/A	N/A	N/A	N/A	N/A	N/A	N/A	d__Bacteria;p__Cyanobacteriota;c__Cyanobacteriia;o__Cyanobacteriales;f__Nostocaceae;g__Nostoc;s__	taxonomic classification defined by topology and ANI	classification based on placement in class-level tree	GCF_026127265.1, s__Nostoc sp026127265, 95.0, 90.4, 0.467; GCF_002245985.1, s__Nostoc sp002245985, 95.0, 90.08, 0.442; GCF_015206895.1, s__Nostoc sp015206895, 95.0, 89.77, 0.388; GCF_000020025.1, s__Nostoc punctiforme, 95.0, 89.68, 0.393; GCF_017115105.1, s__Nostoc sp017115105, 95.0, 89.67, 0.376; GCF_002949735.1, s__Nostoc sp002949735, 95.0, 89.66, 0.43; GCF_015206985.1, s__Nostoc sp015206985, 95.0, 89.64, 0.392; GCF_009873495.1, s__Nostoc muscorum_A, 95.0, 89.63, 0.396; GCF_013343235.1, s__Nostoc sp013343235, 95.0, 89.58, 0.384; GCF_014222285.1, s__Nostoc sp014222285, 95.0, 89.5, 0.379; GCF_020829495.1, s__Nostoc favosum, 95.0, 89.42, 0.334; GCF_017115025.1, s__Nostoc sp017115025, 95.0, 89.38, 0.367; GCF_028623165.1, s__Nostoc sp028623165, 95.0, 89.32, 0.372; GCA_023522315.1, s__Nostoc sp023522315, 95.0, 89.31, 0.326; GCF_020829645.1, s__Nostoc mirabile, 95.0, 89.24, 0.346; GCF_014698505.1, s__Nostoc foliaceum_A, 95.0, 89.15, 0.367; GCA_020829665.1, s__Nostoc sp020829665, 95.0, 89.05, 0.342; GCF_017114985.1, s__Nostoc sp017114985, 95.0, 88.98, 0.336; GCF_937863485.1, s__Nostoc sp937863485, 95.0, 88.93, 0.343; GCF_002813575.1, s__Nostoc flagelliforme_A, 95.0, 88.92, 0.346; GCF_017114945.1, s__Nostoc sp017114945, 95.0, 88.75, 0.349; GCF_001712795.1, s__Nostoc sp001712795, 95.0, 88.7, 0.349; GCF_003443655.1, s__Nostoc sphaeroides, 95.0, 88.61, 0.322; GCF_020829625.1, s__Nostoc sp020829625, 95.0, 88.6, 0.336; GCF_002246015.1, s__Nostoc sp002246015, 95.0, 88.56, 0.335; GCA_020829485.1, s__Nostoc sp020829485, 95.0, 88.56, 0.32; GCA_019359245.1, s__Nostoc desertorum, 95.0, 88.55, 0.328; GCA_003326195.1, s__Nostoc punctiforme_A, 95.0, 88.54, 0.347; GCF_017114995.1, s__Nostoc sp017114995, 95.0, 88.54, 0.334; GCF_017115085.1, s__Nostoc sp017115085, 95.0, 88.53, 0.342; GCF_014023275.1, s__Nostoc edaphicum_A, 95.0, 88.51, 0.334; GCF_029379315.1, s__Nostoc sp029379315, 95.0, 88.5, 0.323; GCA_019359215.1, s__Nostoc indistinguendum, 95.0, 88.48, 0.315; GCF_003113895.1, s__Nostoc commune, 95.0, 88.42, 0.334; GCF_014698795.1, s__Nostoc sp014698795, 95.0, 88.37, 0.325; GCA_015206945.1, s__Nostoc sp015206945, 95.0, 88.36, 0.315; GCA_020829585.1, s__Nostoc sp020829585, 95.0, 88.35, 0.325; GCF_030382115.1, s__Nostoc sp030382115, 95.0, 88.29, 0.311; GCF_002949795.1, s__Nostoc sp002949795, 95.0, 88.26, 0.318; GCF_013393905.1, s__Nostoc sp013393905, 95.0, 88.15, 0.345; GCF_015207245.1, s__Nostoc edaphicum_B, 95.0, 88.04, 0.262; GCF_017115045.1, s__Nostoc sp017115045, 95.0, 88.0, 0.317; GCF_017115165.1, s__Nostoc sp017115165, 95.0, 88.0, 0.311; GCF_017115095.1, s__Nostoc sp017115095, 95.0, 87.96, 0.3; GCF_014698065.1, s__Nostoc flagelliforme_B, 95.0, 87.9, 0.308; GCF_023734775.1, s__Nostoc commune_A, 95.0, 87.88, 0.292; GCF_020829445.1, s__Nostoc sp020829445, 95.0, 87.65, 0.26; GCF_020829685.1, s__Nostoc sp020829685, 95.0, 87.51, 0.244; GCF_015714725.1, s__Nostoc sp015714725, 95.0, 87.01, 0.253; GCF_015207005.2, s__Nostoc muscorum, 95.0, 85.18, 0.193; GCA_014697355.1, s__Nostoc calcicola, 95.06, 84.89, 0.187; GCA_019359545.1, s__Nostoc geniculatum, 95.0, 84.33, 0.152; GCF_005869855.1, s__Nostoc sp005869855, 95.0, 83.92, 0.153; GCA_029379225.1, s__Nostoc sp029379225, 95.0, 83.87, 0.153	81.05	11	0.98818	N/A
Green_X.bin.1	d__Bacteria;p__Acidobacteriota;c__Terriglobia;o__Terriglobales;f__Acidobacteriaceae;g__;s__	N/A	N/A	N/A	N/A	N/A	N/A	N/A	N/A	N/A	N/A	d__Bacteria;p__Acidobacteriota;c__Terriglobia;o__Terriglobales;f__Acidobacteriaceae;g__;s__	taxonomic novelty determined using RED	classification based on placement in class-level tree	N/A	94.44	11	0.90247	N/A
